video,repeat,compose_fragments,frames,fps,target_frames
03,0,0,725,380.1958158010194,0
03,0,1,725,398.4943493974189,0
03,1,1,725,367.08424514836673,0
03,1,0,725,404.1136756621506,0
03,2,0,725,403.1740624962655,0
03,2,1,725,404.97974489753074,0
03,3,1,725,394.2902053290773,0
03,3,0,725,408.81009850725616,0
03,4,0,725,406.04995798323137,0
03,4,1,725,383.9376596920724,0
11,0,0,150,398.19138711017905,0
11,0,1,150,400.0604315278977,0
11,1,1,150,396.9676257001638,0
11,1,0,150,370.4133931994653,0
11,2,0,150,390.5190178159629,0
11,2,1,150,401.62871691217094,0
11,3,1,150,407.0564306879226,0
11,3,0,150,394.25291533668315,0
11,4,0,150,380.5048145173131,0
11,4,1,150,403.9408610457324,0
17,0,0,525,362.59118935479637,0
17,0,1,525,377.8523458230916,0
17,1,1,525,369.05913230430104,0
17,1,0,525,361.8803676971946,0
17,2,0,525,371.70506294975337,0
17,2,1,525,369.98071816495013,0
17,3,1,525,319.3124425819754,0
17,3,0,525,355.6452131384212,0
17,4,0,525,340.2788804994184,0
17,4,1,525,281.6622619095834,0
19,0,0,350,264.996666158031,0
19,0,1,350,306.3135667675716,0
19,1,1,350,358.2545267871763,0
19,1,0,350,395.21504338890884,0
19,2,0,350,383.02488765911204,0
19,2,1,350,402.77062321311365,0
19,3,1,350,414.86783037547684,0
19,3,0,350,419.2944940786139,0
19,4,0,350,440.8381515711436,0
19,4,1,350,398.45096563426347,0
