video,gt_id,start,end,length,observed_id
single_01,1,50,574,525,1
single_02,1,50,574,525,1
single_03,1,50,574,525,1
single_04,1,50,574,525,1
single_05,1,50,574,525,1
single_06,1,50,574,525,1
single_07,1,50,574,525,1
single_08,1,50,574,525,1
single_09,1,50,574,525,1
single_10,1,50,574,525,1
crossing_01,1,50,272,223,1
crossing_01,1,273,273,1,missing
crossing_01,1,274,280,7,1
crossing_01,1,281,319,39,excluded
crossing_01,1,320,384,65,4
crossing_01,1,385,385,1,missing
crossing_01,1,386,386,1,4
crossing_01,1,387,392,6,missing
crossing_01,1,393,393,1,4
crossing_01,1,394,399,6,missing
crossing_01,1,400,401,2,4
crossing_01,1,402,402,1,missing
crossing_01,1,403,406,4,4
crossing_01,1,407,407,1,missing
crossing_01,1,408,574,167,4
crossing_01,2,50,261,212,2
crossing_01,2,262,280,19,missing
crossing_01,2,281,287,7,1
crossing_01,2,288,288,1,missing
crossing_01,2,289,294,6,1
crossing_01,2,295,295,1,missing
crossing_01,2,296,296,1,1
crossing_01,2,297,297,1,missing
crossing_01,2,298,298,1,1
crossing_01,2,299,300,2,missing
crossing_01,2,301,303,3,1
crossing_01,2,304,304,1,missing
crossing_01,2,305,305,1,1
crossing_01,2,306,307,2,missing
crossing_01,2,308,308,1,1
crossing_01,2,309,309,1,missing
crossing_01,2,310,384,75,1
crossing_01,2,385,385,1,missing
crossing_01,2,386,386,1,1
crossing_01,2,387,388,2,missing
crossing_01,2,389,389,1,1
crossing_01,2,390,392,3,missing
crossing_01,2,393,393,1,1
crossing_01,2,394,397,4,missing
crossing_01,2,398,398,1,1
crossing_01,2,399,400,2,missing
crossing_01,2,401,401,1,1
crossing_01,2,402,402,1,missing
crossing_01,2,403,403,1,1
crossing_01,2,404,404,1,missing
crossing_01,2,405,574,170,1
crossing_02,1,50,261,212,1
crossing_02,1,262,270,9,3
crossing_02,1,271,271,1,1
crossing_02,1,272,272,1,3
crossing_02,1,273,273,1,1
crossing_02,1,274,276,3,missing
crossing_02,1,277,278,2,3
crossing_02,1,279,279,1,missing
crossing_02,1,280,280,1,3
crossing_02,1,281,281,1,missing
crossing_02,1,282,283,2,1
crossing_02,1,284,284,1,missing
crossing_02,1,285,285,1,1
crossing_02,1,286,319,34,excluded
crossing_02,1,320,323,4,2
crossing_02,1,324,324,1,missing
crossing_02,1,325,325,1,5
crossing_02,1,326,326,1,2
crossing_02,1,327,327,1,5
crossing_02,1,328,328,1,2
crossing_02,1,329,335,7,5
crossing_02,1,336,336,1,2
crossing_02,1,337,337,1,5
crossing_02,1,338,338,1,missing
crossing_02,1,339,347,9,5
crossing_02,1,348,348,1,2
crossing_02,1,349,395,47,5
crossing_02,1,396,396,1,missing
crossing_02,1,397,397,1,5
crossing_02,1,398,398,1,missing
crossing_02,1,399,399,1,5
crossing_02,1,400,400,1,missing
crossing_02,1,401,402,2,5
crossing_02,1,403,403,1,missing
crossing_02,1,404,404,1,5
crossing_02,1,405,405,1,missing
crossing_02,1,406,406,1,5
crossing_02,1,407,408,2,missing
crossing_02,1,409,574,166,5
crossing_02,2,50,261,212,2
crossing_02,2,262,270,9,missing
crossing_02,2,271,271,1,2
crossing_02,2,272,272,1,missing
crossing_02,2,273,273,1,2
crossing_02,2,274,276,3,3
crossing_02,2,277,278,2,missing
crossing_02,2,279,279,1,3
crossing_02,2,280,280,1,missing
crossing_02,2,281,281,1,3
crossing_02,2,282,283,2,2
crossing_02,2,284,284,1,3
crossing_02,2,285,285,1,2
crossing_02,2,286,289,4,3
crossing_02,2,290,290,1,2
crossing_02,2,291,292,2,3
crossing_02,2,293,293,1,2
crossing_02,2,294,297,4,missing
crossing_02,2,298,298,1,3
crossing_02,2,299,300,2,missing
crossing_02,2,301,306,6,3
crossing_02,2,307,309,3,missing
crossing_02,2,310,311,2,3
crossing_02,2,312,316,5,missing
crossing_02,2,317,317,1,3
crossing_02,2,318,319,2,missing
crossing_02,2,320,323,4,3
crossing_02,2,324,324,1,missing
crossing_02,2,325,395,71,3
crossing_02,2,396,396,1,missing
crossing_02,2,397,397,1,3
crossing_02,2,398,398,1,missing
crossing_02,2,399,399,1,3
crossing_02,2,400,400,1,missing
crossing_02,2,401,402,2,3
crossing_02,2,403,403,1,missing
crossing_02,2,404,404,1,3
crossing_02,2,405,405,1,missing
crossing_02,2,406,406,1,3
crossing_02,2,407,408,2,missing
crossing_02,2,409,574,166,3
crossing_03,1,50,273,224,1
crossing_03,1,274,274,1,2
crossing_03,1,275,278,4,1
crossing_03,1,279,283,5,2
crossing_03,1,284,326,43,excluded
crossing_03,1,327,328,2,1
crossing_03,1,329,329,1,missing
crossing_03,1,330,330,1,2
crossing_03,1,331,331,1,1
crossing_03,1,332,332,1,2
crossing_03,1,333,333,1,1
crossing_03,1,334,335,2,2
crossing_03,1,336,336,1,1
crossing_03,1,337,337,1,2
crossing_03,1,338,338,1,missing
crossing_03,1,339,340,2,2
crossing_03,1,341,341,1,1
crossing_03,1,342,342,1,2
crossing_03,1,343,343,1,1
crossing_03,1,344,345,2,2
crossing_03,1,346,346,1,1
crossing_03,1,347,347,1,2
crossing_03,1,348,348,1,1
crossing_03,1,349,403,55,2
crossing_03,1,404,404,1,missing
crossing_03,1,405,405,1,2
crossing_03,1,406,406,1,missing
crossing_03,1,407,407,1,2
crossing_03,1,408,409,2,missing
crossing_03,1,410,410,1,2
crossing_03,1,411,411,1,missing
crossing_03,1,412,413,2,2
crossing_03,1,414,414,1,missing
crossing_03,1,415,574,160,2
crossing_03,2,50,261,212,2
crossing_03,2,262,272,11,missing
crossing_03,2,273,273,1,2
crossing_03,2,274,274,1,missing
crossing_03,2,275,275,1,2
crossing_03,2,276,276,1,missing
crossing_03,2,277,278,2,2
crossing_03,2,279,283,5,missing
crossing_03,2,284,294,11,2
crossing_03,2,295,295,1,1
crossing_03,2,296,296,1,2
crossing_03,2,297,297,1,1
crossing_03,2,298,298,1,2
crossing_03,2,299,300,2,missing
crossing_03,2,301,308,8,2
crossing_03,2,309,309,1,missing
crossing_03,2,310,310,1,2
crossing_03,2,311,312,2,missing
crossing_03,2,313,313,1,2
crossing_03,2,314,316,3,missing
crossing_03,2,317,318,2,2
crossing_03,2,319,321,3,missing
crossing_03,2,322,322,1,4
crossing_03,2,323,326,4,missing
crossing_03,2,327,328,2,4
crossing_03,2,329,329,1,missing
crossing_03,2,330,403,74,4
crossing_03,2,404,404,1,missing
crossing_03,2,405,405,1,4
crossing_03,2,406,406,1,missing
crossing_03,2,407,407,1,4
crossing_03,2,408,409,2,missing
crossing_03,2,410,410,1,5
crossing_03,2,411,411,1,missing
crossing_03,2,412,413,2,5
crossing_03,2,414,414,1,missing
crossing_03,2,415,418,4,5
crossing_03,2,419,419,1,4
crossing_03,2,420,574,155,5
crossing_04,1,50,272,223,1
crossing_04,1,273,276,4,missing
crossing_04,1,277,278,2,1
crossing_04,1,279,279,1,missing
crossing_04,1,280,280,1,1
crossing_04,1,281,281,1,missing
crossing_04,1,282,283,2,1
crossing_04,1,284,316,33,excluded
crossing_04,1,317,317,1,4
crossing_04,1,318,319,2,1
crossing_04,1,320,384,65,4
crossing_04,1,385,385,1,missing
crossing_04,1,386,386,1,4
crossing_04,1,387,392,6,missing
crossing_04,1,393,393,1,4
crossing_04,1,394,399,6,missing
crossing_04,1,400,401,2,4
crossing_04,1,402,402,1,missing
crossing_04,1,403,403,1,4
crossing_04,1,404,404,1,missing
crossing_04,1,405,406,2,4
crossing_04,1,407,407,1,missing
crossing_04,1,408,574,167,4
crossing_04,2,50,261,212,2
crossing_04,2,262,273,12,missing
crossing_04,2,274,276,3,1
crossing_04,2,277,278,2,missing
crossing_04,2,279,279,1,1
crossing_04,2,280,280,1,missing
crossing_04,2,281,281,1,1
crossing_04,2,282,283,2,missing
crossing_04,2,284,287,4,1
crossing_04,2,288,288,1,missing
crossing_04,2,289,291,3,1
crossing_04,2,292,292,1,missing
crossing_04,2,293,294,2,1
crossing_04,2,295,295,1,missing
crossing_04,2,296,296,1,1
crossing_04,2,297,297,1,missing
crossing_04,2,298,298,1,1
crossing_04,2,299,300,2,missing
crossing_04,2,301,301,1,1
crossing_04,2,302,304,3,missing
crossing_04,2,305,306,2,3
crossing_04,2,307,307,1,missing
crossing_04,2,308,384,77,3
crossing_04,2,385,385,1,missing
crossing_04,2,386,386,1,3
crossing_04,2,387,392,6,missing
crossing_04,2,393,393,1,3
crossing_04,2,394,400,7,missing
crossing_04,2,401,401,1,3
crossing_04,2,402,402,1,missing
crossing_04,2,403,403,1,3
crossing_04,2,404,404,1,missing
crossing_04,2,405,574,170,3
crossing_05,1,50,261,212,1
crossing_05,1,262,270,9,3
crossing_05,1,271,271,1,1
crossing_05,1,272,272,1,3
crossing_05,1,273,273,1,1
crossing_05,1,274,281,8,3
crossing_05,1,282,283,2,1
crossing_05,1,284,321,38,excluded
crossing_05,1,322,322,1,2
crossing_05,1,323,324,2,missing
crossing_05,1,325,325,1,2
crossing_05,1,326,326,1,missing
crossing_05,1,327,327,1,3
crossing_05,1,328,328,1,2
crossing_05,1,329,332,4,3
crossing_05,1,333,333,1,2
crossing_05,1,334,335,2,3
crossing_05,1,336,336,1,2
crossing_05,1,337,337,1,3
crossing_05,1,338,338,1,missing
crossing_05,1,339,346,8,3
crossing_05,1,347,348,2,2
crossing_05,1,349,359,11,3
crossing_05,1,360,360,1,2
crossing_05,1,361,394,34,3
crossing_05,1,395,396,2,missing
crossing_05,1,397,397,1,3
crossing_05,1,398,400,3,missing
crossing_05,1,401,402,2,3
crossing_05,1,403,403,1,missing
crossing_05,1,404,404,1,3
crossing_05,1,405,405,1,missing
crossing_05,1,406,407,2,3
crossing_05,1,408,408,1,missing
crossing_05,1,409,574,166,3
crossing_05,2,50,261,212,2
crossing_05,2,262,270,9,missing
crossing_05,2,271,271,1,2
crossing_05,2,272,272,1,missing
crossing_05,2,273,273,1,2
crossing_05,2,274,281,8,missing
crossing_05,2,282,283,2,2
crossing_05,2,284,284,1,3
crossing_05,2,285,285,1,2
crossing_05,2,286,289,4,3
crossing_05,2,290,290,1,2
crossing_05,2,291,292,2,3
crossing_05,2,293,293,1,2
crossing_05,2,294,294,1,1
crossing_05,2,295,295,1,missing
crossing_05,2,296,296,1,1
crossing_05,2,297,297,1,missing
crossing_05,2,298,298,1,3
crossing_05,2,299,300,2,missing
crossing_05,2,301,306,6,3
crossing_05,2,307,307,1,missing
crossing_05,2,308,308,1,1
crossing_05,2,309,309,1,missing
crossing_05,2,310,311,2,3
crossing_05,2,312,316,5,missing
crossing_05,2,317,317,1,1
crossing_05,2,318,319,2,missing
crossing_05,2,320,320,1,1
crossing_05,2,321,321,1,missing
crossing_05,2,322,322,1,1
crossing_05,2,323,324,2,missing
crossing_05,2,325,325,1,1
crossing_05,2,326,326,1,missing
crossing_05,2,327,395,69,1
crossing_05,2,396,396,1,missing
crossing_05,2,397,397,1,1
crossing_05,2,398,398,1,missing
crossing_05,2,399,399,1,1
crossing_05,2,400,400,1,missing
crossing_05,2,401,402,2,1
crossing_05,2,403,403,1,missing
crossing_05,2,404,404,1,1
crossing_05,2,405,405,1,missing
crossing_05,2,406,407,2,1
crossing_05,2,408,408,1,missing
crossing_05,2,409,574,166,1
crossing_06,1,50,273,224,1
crossing_06,1,274,274,1,missing
crossing_06,1,275,275,1,1
crossing_06,1,276,276,1,missing
crossing_06,1,277,278,2,1
crossing_06,1,279,279,1,missing
crossing_06,1,280,280,1,2
crossing_06,1,281,281,1,missing
crossing_06,1,282,283,2,2
crossing_06,1,284,285,2,missing
crossing_06,1,286,324,39,excluded
crossing_06,1,325,325,1,1
crossing_06,1,326,326,1,missing
crossing_06,1,327,327,1,4
crossing_06,1,328,328,1,1
crossing_06,1,329,329,1,missing
crossing_06,1,330,330,1,4
crossing_06,1,331,331,1,1
crossing_06,1,332,332,1,4
crossing_06,1,333,333,1,1
crossing_06,1,334,340,7,4
crossing_06,1,341,341,1,1
crossing_06,1,342,345,4,4
crossing_06,1,346,346,1,1
crossing_06,1,347,403,57,4
crossing_06,1,404,404,1,missing
crossing_06,1,405,405,1,4
crossing_06,1,406,406,1,missing
crossing_06,1,407,407,1,6
crossing_06,1,408,409,2,missing
crossing_06,1,410,410,1,6
crossing_06,1,411,411,1,missing
crossing_06,1,412,413,2,6
crossing_06,1,414,414,1,missing
crossing_06,1,415,418,4,6
crossing_06,1,419,419,1,4
crossing_06,1,420,426,7,6
crossing_06,1,427,427,1,4
crossing_06,1,428,428,1,6
crossing_06,1,429,574,146,4
crossing_06,2,50,261,212,2
crossing_06,2,262,272,11,missing
crossing_06,2,273,275,3,2
crossing_06,2,276,276,1,1
crossing_06,2,277,279,3,2
crossing_06,2,280,280,1,missing
crossing_06,2,281,281,1,2
crossing_06,2,282,283,2,missing
crossing_06,2,284,294,11,2
crossing_06,2,295,295,1,missing
crossing_06,2,296,296,1,2
crossing_06,2,297,297,1,missing
crossing_06,2,298,298,1,2
crossing_06,2,299,300,2,missing
crossing_06,2,301,308,8,2
crossing_06,2,309,312,4,missing
crossing_06,2,313,313,1,2
crossing_06,2,314,316,3,missing
crossing_06,2,317,317,1,2
crossing_06,2,318,321,4,missing
crossing_06,2,322,322,1,2
crossing_06,2,323,324,2,missing
crossing_06,2,325,325,1,2
crossing_06,2,326,326,1,missing
crossing_06,2,327,328,2,2
crossing_06,2,329,329,1,missing
crossing_06,2,330,403,74,2
crossing_06,2,404,404,1,missing
crossing_06,2,405,405,1,2
crossing_06,2,406,406,1,missing
crossing_06,2,407,407,1,2
crossing_06,2,408,409,2,missing
crossing_06,2,410,410,1,5
crossing_06,2,411,411,1,missing
crossing_06,2,412,413,2,5
crossing_06,2,414,414,1,missing
crossing_06,2,415,415,1,2
crossing_06,2,416,418,3,5
crossing_06,2,419,419,1,2
crossing_06,2,420,574,155,5
crossing_07,1,50,272,223,1
crossing_07,1,273,273,1,missing
crossing_07,1,274,280,7,1
crossing_07,1,281,319,39,excluded
crossing_07,1,320,384,65,4
crossing_07,1,385,385,1,missing
crossing_07,1,386,386,1,4
crossing_07,1,387,392,6,missing
crossing_07,1,393,393,1,4
crossing_07,1,394,399,6,missing
crossing_07,1,400,401,2,4
crossing_07,1,402,402,1,missing
crossing_07,1,403,406,4,4
crossing_07,1,407,407,1,missing
crossing_07,1,408,574,167,4
crossing_07,2,50,261,212,2
crossing_07,2,262,280,19,missing
crossing_07,2,281,287,7,1
crossing_07,2,288,288,1,missing
crossing_07,2,289,294,6,1
crossing_07,2,295,295,1,missing
crossing_07,2,296,296,1,1
crossing_07,2,297,297,1,missing
crossing_07,2,298,298,1,1
crossing_07,2,299,300,2,missing
crossing_07,2,301,303,3,1
crossing_07,2,304,304,1,missing
crossing_07,2,305,305,1,1
crossing_07,2,306,307,2,missing
crossing_07,2,308,308,1,1
crossing_07,2,309,309,1,missing
crossing_07,2,310,384,75,1
crossing_07,2,385,385,1,missing
crossing_07,2,386,386,1,1
crossing_07,2,387,388,2,missing
crossing_07,2,389,389,1,1
crossing_07,2,390,392,3,missing
crossing_07,2,393,393,1,1
crossing_07,2,394,397,4,missing
crossing_07,2,398,398,1,1
crossing_07,2,399,400,2,missing
crossing_07,2,401,401,1,1
crossing_07,2,402,402,1,missing
crossing_07,2,403,403,1,1
crossing_07,2,404,404,1,missing
crossing_07,2,405,574,170,1
crossing_08,1,50,261,212,1
crossing_08,1,262,270,9,3
crossing_08,1,271,271,1,1
crossing_08,1,272,272,1,3
crossing_08,1,273,273,1,1
crossing_08,1,274,276,3,missing
crossing_08,1,277,278,2,3
crossing_08,1,279,279,1,missing
crossing_08,1,280,280,1,3
crossing_08,1,281,281,1,missing
crossing_08,1,282,283,2,1
crossing_08,1,284,284,1,missing
crossing_08,1,285,285,1,1
crossing_08,1,286,319,34,excluded
crossing_08,1,320,323,4,2
crossing_08,1,324,324,1,missing
crossing_08,1,325,325,1,5
crossing_08,1,326,326,1,2
crossing_08,1,327,327,1,5
crossing_08,1,328,328,1,2
crossing_08,1,329,335,7,5
crossing_08,1,336,336,1,2
crossing_08,1,337,337,1,5
crossing_08,1,338,338,1,missing
crossing_08,1,339,347,9,5
crossing_08,1,348,348,1,2
crossing_08,1,349,395,47,5
crossing_08,1,396,396,1,missing
crossing_08,1,397,397,1,5
crossing_08,1,398,398,1,missing
crossing_08,1,399,399,1,5
crossing_08,1,400,400,1,missing
crossing_08,1,401,402,2,5
crossing_08,1,403,403,1,missing
crossing_08,1,404,404,1,5
crossing_08,1,405,405,1,missing
crossing_08,1,406,406,1,5
crossing_08,1,407,408,2,missing
crossing_08,1,409,574,166,5
crossing_08,2,50,261,212,2
crossing_08,2,262,270,9,missing
crossing_08,2,271,271,1,2
crossing_08,2,272,272,1,missing
crossing_08,2,273,273,1,2
crossing_08,2,274,276,3,3
crossing_08,2,277,278,2,missing
crossing_08,2,279,279,1,3
crossing_08,2,280,280,1,missing
crossing_08,2,281,281,1,3
crossing_08,2,282,283,2,2
crossing_08,2,284,284,1,3
crossing_08,2,285,285,1,2
crossing_08,2,286,289,4,3
crossing_08,2,290,290,1,2
crossing_08,2,291,292,2,3
crossing_08,2,293,293,1,2
crossing_08,2,294,297,4,missing
crossing_08,2,298,298,1,3
crossing_08,2,299,300,2,missing
crossing_08,2,301,306,6,3
crossing_08,2,307,309,3,missing
crossing_08,2,310,311,2,3
crossing_08,2,312,316,5,missing
crossing_08,2,317,317,1,3
crossing_08,2,318,319,2,missing
crossing_08,2,320,323,4,3
crossing_08,2,324,324,1,missing
crossing_08,2,325,395,71,3
crossing_08,2,396,396,1,missing
crossing_08,2,397,397,1,3
crossing_08,2,398,398,1,missing
crossing_08,2,399,399,1,3
crossing_08,2,400,400,1,missing
crossing_08,2,401,402,2,3
crossing_08,2,403,403,1,missing
crossing_08,2,404,404,1,3
crossing_08,2,405,405,1,missing
crossing_08,2,406,406,1,3
crossing_08,2,407,408,2,missing
crossing_08,2,409,574,166,3
crossing_09,1,50,273,224,1
crossing_09,1,274,274,1,2
crossing_09,1,275,278,4,1
crossing_09,1,279,283,5,2
crossing_09,1,284,326,43,excluded
crossing_09,1,327,328,2,1
crossing_09,1,329,329,1,missing
crossing_09,1,330,330,1,2
crossing_09,1,331,331,1,1
crossing_09,1,332,332,1,2
crossing_09,1,333,333,1,1
crossing_09,1,334,335,2,2
crossing_09,1,336,336,1,1
crossing_09,1,337,337,1,2
crossing_09,1,338,338,1,missing
crossing_09,1,339,340,2,2
crossing_09,1,341,341,1,1
crossing_09,1,342,342,1,2
crossing_09,1,343,343,1,1
crossing_09,1,344,345,2,2
crossing_09,1,346,346,1,1
crossing_09,1,347,347,1,2
crossing_09,1,348,348,1,1
crossing_09,1,349,403,55,2
crossing_09,1,404,404,1,missing
crossing_09,1,405,405,1,2
crossing_09,1,406,406,1,missing
crossing_09,1,407,407,1,2
crossing_09,1,408,409,2,missing
crossing_09,1,410,410,1,2
crossing_09,1,411,411,1,missing
crossing_09,1,412,413,2,2
crossing_09,1,414,414,1,missing
crossing_09,1,415,574,160,2
crossing_09,2,50,261,212,2
crossing_09,2,262,272,11,missing
crossing_09,2,273,273,1,2
crossing_09,2,274,274,1,missing
crossing_09,2,275,275,1,2
crossing_09,2,276,276,1,missing
crossing_09,2,277,278,2,2
crossing_09,2,279,283,5,missing
crossing_09,2,284,294,11,2
crossing_09,2,295,295,1,1
crossing_09,2,296,296,1,2
crossing_09,2,297,297,1,1
crossing_09,2,298,298,1,2
crossing_09,2,299,300,2,missing
crossing_09,2,301,308,8,2
crossing_09,2,309,309,1,missing
crossing_09,2,310,310,1,2
crossing_09,2,311,312,2,missing
crossing_09,2,313,313,1,2
crossing_09,2,314,316,3,missing
crossing_09,2,317,318,2,2
crossing_09,2,319,321,3,missing
crossing_09,2,322,322,1,4
crossing_09,2,323,326,4,missing
crossing_09,2,327,328,2,4
crossing_09,2,329,329,1,missing
crossing_09,2,330,403,74,4
crossing_09,2,404,404,1,missing
crossing_09,2,405,405,1,4
crossing_09,2,406,406,1,missing
crossing_09,2,407,407,1,4
crossing_09,2,408,409,2,missing
crossing_09,2,410,410,1,5
crossing_09,2,411,411,1,missing
crossing_09,2,412,413,2,5
crossing_09,2,414,414,1,missing
crossing_09,2,415,418,4,5
crossing_09,2,419,419,1,4
crossing_09,2,420,574,155,5
crossing_10,1,50,272,223,1
crossing_10,1,273,276,4,missing
crossing_10,1,277,278,2,1
crossing_10,1,279,279,1,missing
crossing_10,1,280,280,1,1
crossing_10,1,281,281,1,missing
crossing_10,1,282,283,2,1
crossing_10,1,284,316,33,excluded
crossing_10,1,317,317,1,4
crossing_10,1,318,319,2,1
crossing_10,1,320,384,65,4
crossing_10,1,385,385,1,missing
crossing_10,1,386,386,1,4
crossing_10,1,387,392,6,missing
crossing_10,1,393,393,1,4
crossing_10,1,394,399,6,missing
crossing_10,1,400,401,2,4
crossing_10,1,402,402,1,missing
crossing_10,1,403,403,1,4
crossing_10,1,404,404,1,missing
crossing_10,1,405,406,2,4
crossing_10,1,407,407,1,missing
crossing_10,1,408,574,167,4
crossing_10,2,50,261,212,2
crossing_10,2,262,273,12,missing
crossing_10,2,274,276,3,1
crossing_10,2,277,278,2,missing
crossing_10,2,279,279,1,1
crossing_10,2,280,280,1,missing
crossing_10,2,281,281,1,1
crossing_10,2,282,283,2,missing
crossing_10,2,284,287,4,1
crossing_10,2,288,288,1,missing
crossing_10,2,289,291,3,1
crossing_10,2,292,292,1,missing
crossing_10,2,293,294,2,1
crossing_10,2,295,295,1,missing
crossing_10,2,296,296,1,1
crossing_10,2,297,297,1,missing
crossing_10,2,298,298,1,1
crossing_10,2,299,300,2,missing
crossing_10,2,301,301,1,1
crossing_10,2,302,304,3,missing
crossing_10,2,305,306,2,3
crossing_10,2,307,307,1,missing
crossing_10,2,308,384,77,3
crossing_10,2,385,385,1,missing
crossing_10,2,386,386,1,3
crossing_10,2,387,392,6,missing
crossing_10,2,393,393,1,3
crossing_10,2,394,400,7,missing
crossing_10,2,401,401,1,3
crossing_10,2,402,402,1,missing
crossing_10,2,403,403,1,3
crossing_10,2,404,404,1,missing
crossing_10,2,405,574,170,3
stopping_01,1,50,234,185,1
stopping_01,1,235,385,151,missing
stopping_01,1,386,574,189,2
stopping_02,1,50,234,185,1
stopping_02,1,235,385,151,missing
stopping_02,1,386,574,189,2
stopping_03,1,50,234,185,1
stopping_03,1,235,385,151,missing
stopping_03,1,386,574,189,2
stopping_04,1,50,234,185,1
stopping_04,1,235,385,151,missing
stopping_04,1,386,574,189,2
stopping_05,1,50,234,185,1
stopping_05,1,235,385,151,missing
stopping_05,1,386,574,189,2
lighting_01,1,50,299,250,1
lighting_01,1,300,309,10,missing
lighting_01,1,310,310,1,1
lighting_01,1,311,311,1,missing
lighting_01,1,312,537,226,1
lighting_01,1,538,538,1,missing
lighting_01,1,539,539,1,1
lighting_01,1,540,540,1,missing
lighting_01,1,541,541,1,1
lighting_01,1,542,542,1,missing
lighting_01,1,543,544,2,1
lighting_01,1,545,545,1,missing
lighting_01,1,546,546,1,1
lighting_01,1,547,549,3,missing
lighting_01,1,550,550,1,1
lighting_01,1,551,561,11,missing
lighting_01,1,562,563,2,1
lighting_01,1,564,564,1,missing
lighting_01,1,565,565,1,1
lighting_01,1,566,566,1,missing
lighting_01,1,567,567,1,1
lighting_01,1,568,569,2,missing
lighting_01,1,570,570,1,1
lighting_01,1,571,571,1,missing
lighting_01,1,572,574,3,1
lighting_02,1,50,299,250,1
lighting_02,1,300,309,10,missing
lighting_02,1,310,310,1,2
lighting_02,1,311,312,2,missing
lighting_02,1,313,317,5,1
lighting_02,1,318,321,4,2
lighting_02,1,322,322,1,1
lighting_02,1,323,326,4,2
lighting_02,1,327,327,1,1
lighting_02,1,328,328,1,2
lighting_02,1,329,520,192,1
lighting_02,1,521,521,1,2
lighting_02,1,522,532,11,1
lighting_02,1,533,533,1,missing
lighting_02,1,534,539,6,1
lighting_02,1,540,540,1,missing
lighting_02,1,541,541,1,1
lighting_02,1,542,542,1,missing
lighting_02,1,543,543,1,1
lighting_02,1,544,545,2,missing
lighting_02,1,546,546,1,1
lighting_02,1,547,549,3,missing
lighting_02,1,550,550,1,1
lighting_02,1,551,562,12,missing
lighting_02,1,563,563,1,1
lighting_02,1,564,564,1,missing
lighting_02,1,565,565,1,1
lighting_02,1,566,566,1,missing
lighting_02,1,567,568,2,1
lighting_02,1,569,569,1,missing
lighting_02,1,570,570,1,1
lighting_02,1,571,571,1,missing
lighting_02,1,572,573,2,1
lighting_02,1,574,574,1,missing
lighting_03,1,50,299,250,1
lighting_03,1,300,309,10,missing
lighting_03,1,310,310,1,1
lighting_03,1,311,312,2,missing
lighting_03,1,313,318,6,1
lighting_03,1,319,319,1,2
lighting_03,1,320,320,1,1
lighting_03,1,321,324,4,2
lighting_03,1,325,325,1,1
lighting_03,1,326,333,8,2
lighting_03,1,334,526,193,1
lighting_03,1,527,528,2,5
lighting_03,1,529,529,1,1
lighting_03,1,530,530,1,5
lighting_03,1,531,531,1,1
lighting_03,1,532,532,1,5
lighting_03,1,533,533,1,missing
lighting_03,1,534,536,3,1
lighting_03,1,537,537,1,5
lighting_03,1,538,539,2,1
lighting_03,1,540,540,1,missing
lighting_03,1,541,541,1,1
lighting_03,1,542,542,1,missing
lighting_03,1,543,543,1,1
lighting_03,1,544,545,2,missing
lighting_03,1,546,546,1,1
lighting_03,1,547,549,3,missing
lighting_03,1,550,550,1,1
lighting_03,1,551,562,12,missing
lighting_03,1,563,563,1,1
lighting_03,1,564,564,1,missing
lighting_03,1,565,565,1,1
lighting_03,1,566,566,1,missing
lighting_03,1,567,568,2,1
lighting_03,1,569,569,1,missing
lighting_03,1,570,570,1,1
lighting_03,1,571,571,1,missing
lighting_03,1,572,573,2,1
lighting_03,1,574,574,1,missing
lighting_04,1,50,299,250,1
lighting_04,1,300,309,10,missing
lighting_04,1,310,310,1,1
lighting_04,1,311,311,1,missing
lighting_04,1,312,537,226,1
lighting_04,1,538,538,1,missing
lighting_04,1,539,539,1,1
lighting_04,1,540,540,1,missing
lighting_04,1,541,541,1,1
lighting_04,1,542,542,1,missing
lighting_04,1,543,544,2,1
lighting_04,1,545,545,1,missing
lighting_04,1,546,546,1,1
lighting_04,1,547,549,3,missing
lighting_04,1,550,550,1,1
lighting_04,1,551,561,11,missing
lighting_04,1,562,563,2,1
lighting_04,1,564,564,1,missing
lighting_04,1,565,565,1,1
lighting_04,1,566,566,1,missing
lighting_04,1,567,567,1,1
lighting_04,1,568,569,2,missing
lighting_04,1,570,570,1,1
lighting_04,1,571,571,1,missing
lighting_04,1,572,574,3,1
lighting_05,1,50,299,250,1
lighting_05,1,300,309,10,missing
lighting_05,1,310,310,1,2
lighting_05,1,311,314,4,missing
lighting_05,1,315,316,2,2
lighting_05,1,317,317,1,3
lighting_05,1,318,532,215,2
lighting_05,1,533,535,3,missing
lighting_05,1,536,539,4,2
lighting_05,1,540,574,35,missing
