sequence,learning_rate,frame,track_id,excluded,state,foreground_pixels
I_OC_01,0.001,1,,1,no_visible_GT,0
I_OC_01,0.001,2,,1,no_visible_GT,0
I_OC_01,0.001,3,,1,no_visible_GT,0
I_OC_01,0.001,4,,1,no_visible_GT,0
I_OC_01,0.001,5,,1,no_visible_GT,0
I_OC_01,0.001,6,,1,no_visible_GT,0
I_OC_01,0.001,7,,1,no_visible_GT,0
I_OC_01,0.001,8,,1,no_visible_GT,0
I_OC_01,0.001,9,,1,no_visible_GT,0
I_OC_01,0.001,10,,1,no_visible_GT,0
I_OC_01,0.001,11,,1,no_visible_GT,0
I_OC_01,0.001,12,,1,no_visible_GT,0
I_OC_01,0.001,13,,1,no_visible_GT,0
I_OC_01,0.001,14,,1,no_visible_GT,0
I_OC_01,0.001,15,,1,no_visible_GT,0
I_OC_01,0.001,16,,1,no_visible_GT,0
I_OC_01,0.001,17,,1,no_visible_GT,0
I_OC_01,0.001,18,,1,no_visible_GT,0
I_OC_01,0.001,19,,1,no_visible_GT,0
I_OC_01,0.001,20,,1,no_visible_GT,0
I_OC_01,0.001,21,,1,no_visible_GT,0
I_OC_01,0.001,22,,1,no_visible_GT,0
I_OC_01,0.001,23,,1,no_visible_GT,0
I_OC_01,0.001,24,,1,no_visible_GT,0
I_OC_01,0.001,25,,1,no_visible_GT,0
I_OC_01,0.001,26,,1,no_visible_GT,0
I_OC_01,0.001,27,,1,no_visible_GT,0
I_OC_01,0.001,28,,1,no_visible_GT,0
I_OC_01,0.001,29,,1,no_visible_GT,0
I_OC_01,0.001,30,,1,no_visible_GT,0
I_OC_01,0.001,31,,1,no_visible_GT,0
I_OC_01,0.001,32,,1,no_visible_GT,0
I_OC_01,0.001,33,,1,no_visible_GT,0
I_OC_01,0.001,34,,1,no_visible_GT,0
I_OC_01,0.001,35,,1,no_visible_GT,0
I_OC_01,0.001,36,,1,no_visible_GT,0
I_OC_01,0.001,37,,1,no_visible_GT,0
I_OC_01,0.001,38,,1,no_visible_GT,0
I_OC_01,0.001,39,,1,no_visible_GT,0
I_OC_01,0.001,40,,1,no_visible_GT,0
I_OC_01,0.001,41,,1,no_visible_GT,0
I_OC_01,0.001,42,,1,no_visible_GT,0
I_OC_01,0.001,43,,1,no_visible_GT,0
I_OC_01,0.001,44,,1,no_visible_GT,0
I_OC_01,0.001,45,,1,no_visible_GT,0
I_OC_01,0.001,46,,1,no_visible_GT,0
I_OC_01,0.001,47,,1,no_visible_GT,0
I_OC_01,0.001,48,,1,no_visible_GT,0
I_OC_01,0.001,49,,1,no_visible_GT,0
I_OC_01,0.001,50,,1,no_visible_GT,0
I_OC_01,0.001,51,,1,no_visible_GT,0
I_OC_01,0.001,52,,1,no_visible_GT,0
I_OC_01,0.001,53,,1,no_visible_GT,0
I_OC_01,0.001,54,,1,no_visible_GT,0
I_OC_01,0.001,55,,1,no_visible_GT,0
I_OC_01,0.001,56,,1,no_visible_GT,0
I_OC_01,0.001,57,,1,no_visible_GT,0
I_OC_01,0.001,58,,1,no_visible_GT,0
I_OC_01,0.001,59,,1,no_visible_GT,0
I_OC_01,0.001,60,,1,no_visible_GT,0
I_OC_01,0.001,61,,1,no_visible_GT,0
I_OC_01,0.001,62,,1,no_visible_GT,0
I_OC_01,0.001,63,,1,no_visible_GT,0
I_OC_01,0.001,64,,1,no_visible_GT,0
I_OC_01,0.001,65,,1,no_visible_GT,0
I_OC_01,0.001,66,,1,no_visible_GT,0
I_OC_01,0.001,67,,1,no_visible_GT,0
I_OC_01,0.001,68,,1,no_visible_GT,0
I_OC_01,0.001,69,,1,no_visible_GT,0
I_OC_01,0.001,70,,1,no_visible_GT,0
I_OC_01,0.001,71,,1,no_visible_GT,0
I_OC_01,0.001,72,,1,no_visible_GT,0
I_OC_01,0.001,73,,1,no_visible_GT,0
I_OC_01,0.001,74,,1,no_visible_GT,0
I_OC_01,0.001,75,,1,no_visible_GT,0
I_OC_01,0.001,76,,1,no_visible_GT,0
I_OC_01,0.001,77,,1,no_visible_GT,0
I_OC_01,0.001,78,,1,no_visible_GT,0
I_OC_01,0.001,79,,1,no_visible_GT,0
I_OC_01,0.001,80,,1,no_visible_GT,0
I_OC_01,0.001,81,,1,no_visible_GT,0
I_OC_01,0.001,82,,1,no_visible_GT,0
I_OC_01,0.001,83,,1,no_visible_GT,0
I_OC_01,0.001,84,,1,no_visible_GT,0
I_OC_01,0.001,85,,1,no_visible_GT,0
I_OC_01,0.001,86,,1,no_visible_GT,0
I_OC_01,0.001,87,,1,no_visible_GT,0
I_OC_01,0.001,88,,1,no_visible_GT,0
I_OC_01,0.001,89,,0,visible,1
I_OC_01,0.001,90,,0,visible,2
I_OC_01,0.001,91,,0,visible,2
I_OC_01,0.001,92,,0,visible,3
I_OC_01,0.001,93,,0,visible,35
I_OC_01,0.001,94,1,0,visible,141
I_OC_01,0.001,95,1,0,visible,265
I_OC_01,0.001,96,1,0,visible,382
I_OC_01,0.001,97,1,0,visible,531
I_OC_01,0.001,98,1,0,visible,670
I_OC_01,0.001,99,1,0,visible,848
I_OC_01,0.001,100,1,0,visible,988
I_OC_01,0.001,101,1,0,visible,1161
I_OC_01,0.001,102,1,0,visible,1265
I_OC_01,0.001,103,1,0,visible,1255
I_OC_01,0.001,104,1,0,visible,1250
I_OC_01,0.001,105,1,0,visible,1244
I_OC_01,0.001,106,1,0,visible,1239
I_OC_01,0.001,107,1,0,visible,1230
I_OC_01,0.001,108,1,0,visible,1202
I_OC_01,0.001,109,1,0,visible,1220
I_OC_01,0.001,110,1,0,visible,1309
I_OC_01,0.001,111,1,0,visible,1337
I_OC_01,0.001,112,1,0,visible,1344
I_OC_01,0.001,113,1,0,visible,1356
I_OC_01,0.001,114,1,0,visible,1373
I_OC_01,0.001,115,1,0,visible,1371
I_OC_01,0.001,116,1,0,visible,1403
I_OC_01,0.001,117,1,0,visible,1405
I_OC_01,0.001,118,1,0,visible,1419
I_OC_01,0.001,119,1,0,visible,1414
I_OC_01,0.001,120,1,0,visible,1428
I_OC_01,0.001,121,1,0,visible,1379
I_OC_01,0.001,122,1,0,visible,1406
I_OC_01,0.001,123,1,0,visible,1360
I_OC_01,0.001,124,1,0,visible,1363
I_OC_01,0.001,125,1,0,visible,1376
I_OC_01,0.001,126,1,0,visible,1381
I_OC_01,0.001,127,1,0,visible,1439
I_OC_01,0.001,128,1,0,visible,1477
I_OC_01,0.001,129,1,0,visible,1450
I_OC_01,0.001,130,1,0,visible,1491
I_OC_01,0.001,131,1,0,visible,1498
I_OC_01,0.001,132,1,0,visible,1471
I_OC_01,0.001,133,1,0,visible,1479
I_OC_01,0.001,134,1,0,visible,1402
I_OC_01,0.001,135,1,0,visible,1382
I_OC_01,0.001,136,1,0,visible,1377
I_OC_01,0.001,137,1,0,visible,1305
I_OC_01,0.001,138,1,0,visible,1286
I_OC_01,0.001,139,1,0,visible,1279
I_OC_01,0.001,140,1,0,visible,1317
I_OC_01,0.001,141,1,0,visible,1298
I_OC_01,0.001,142,1,0,visible,1395
I_OC_01,0.001,143,1,0,visible,1399
I_OC_01,0.001,144,1,0,visible,1410
I_OC_01,0.001,145,1,0,visible,1423
I_OC_01,0.001,146,1,0,visible,1456
I_OC_01,0.001,147,1,0,visible,1447
I_OC_01,0.001,148,1,0,visible,1457
I_OC_01,0.001,149,1,0,visible,1442
I_OC_01,0.001,150,1,0,visible,1447
I_OC_01,0.001,151,1,0,visible,1447
I_OC_01,0.001,152,1,0,visible,1431
I_OC_01,0.001,153,1,0,visible,1377
I_OC_01,0.001,154,1,0,visible,1324
I_OC_01,0.001,155,1,0,visible,1350
I_OC_01,0.001,156,1,0,visible,1385
I_OC_01,0.001,157,1,0,visible,1417
I_OC_01,0.001,158,1,0,visible,1490
I_OC_01,0.001,159,1,0,visible,1732
I_OC_01,0.001,160,1,0,visible,1484
I_OC_01,0.001,161,1,0,visible,1423
I_OC_01,0.001,162,1,0,visible,1323
I_OC_01,0.001,163,1,0,visible,1262
I_OC_01,0.001,164,1,0,visible,1121
I_OC_01,0.001,165,1,0,visible,910
I_OC_01,0.001,166,1,0,visible,698
I_OC_01,0.001,167,1,0,visible,442
I_OC_01,0.001,168,3,0,visible,242
I_OC_01,0.001,169,3,0,visible,105
I_OC_01,0.001,170,,0,visible,61
I_OC_01,0.001,171,,1,no_visible_GT,0
I_OC_01,0.001,172,,1,no_visible_GT,0
I_OC_01,0.001,173,,1,no_visible_GT,0
I_OC_01,0.001,174,,1,no_visible_GT,0
I_OC_01,0.001,175,,1,no_visible_GT,0
I_OC_01,0.001,176,,1,no_visible_GT,0
I_OC_01,0.001,177,,1,no_visible_GT,0
I_OC_01,0.001,178,,1,no_visible_GT,0
I_OC_01,0.001,179,,1,no_visible_GT,0
I_OC_01,0.001,180,,1,no_visible_GT,0
I_OC_01,0.001,181,,1,no_visible_GT,0
I_OC_01,0.001,182,,1,no_visible_GT,0
I_OC_01,0.001,183,,1,no_visible_GT,0
I_OC_01,0.001,184,,1,no_visible_GT,0
I_OC_01,0.001,185,,1,no_visible_GT,0
I_OC_01,0.001,186,,1,no_visible_GT,0
I_OC_01,0.001,187,,1,no_visible_GT,0
I_OC_01,0.001,188,,1,no_visible_GT,0
I_OC_01,0.001,189,,1,no_visible_GT,0
I_OC_01,0.001,190,,0,visible,5
I_OC_01,0.001,191,,0,visible,34
I_OC_01,0.001,192,4,0,visible,109
I_OC_01,0.001,193,4,0,visible,241
I_OC_01,0.001,194,4,0,visible,340
I_OC_01,0.001,195,4,0,visible,445
I_OC_01,0.001,196,4,0,visible,590
I_OC_01,0.001,197,4,0,visible,745
I_OC_01,0.001,198,4,0,visible,859
I_OC_01,0.001,199,4,0,visible,976
I_OC_01,0.001,200,4,0,visible,1065
I_OC_01,0.001,201,4,0,visible,1173
I_OC_01,0.001,202,4,0,visible,1242
I_OC_01,0.001,203,4,0,visible,1314
I_OC_01,0.001,204,4,0,visible,1527
I_OC_01,0.001,205,4,0,visible,1559
I_OC_01,0.001,206,4,0,visible,1610
I_OC_01,0.001,207,4,0,visible,1566
I_OC_01,0.001,208,4,0,visible,1597
I_OC_01,0.001,209,4,0,visible,1608
I_OC_01,0.001,210,4,0,visible,1594
I_OC_01,0.001,211,4,0,visible,1594
I_OC_01,0.001,212,4,0,visible,1560
I_OC_01,0.001,213,4,0,visible,1538
I_OC_01,0.001,214,4,0,visible,1449
I_OC_01,0.001,215,4,0,visible,1394
I_OC_01,0.001,216,4,0,visible,1429
I_OC_01,0.001,217,4,0,visible,1441
I_OC_01,0.001,218,4,0,visible,1467
I_OC_01,0.001,219,4,0,visible,1540
I_OC_01,0.001,220,4,0,visible,1566
I_OC_01,0.001,221,4,0,visible,1569
I_OC_01,0.001,222,4,0,visible,1531
I_OC_01,0.001,223,4,0,visible,1505
I_OC_01,0.001,224,4,0,visible,1476
I_OC_01,0.001,225,4,0,visible,1365
I_OC_01,0.001,226,4,0,visible,1242
I_OC_01,0.001,227,4,0,visible,1023
I_OC_01,0.001,228,4,0,visible,782
I_OC_01,0.001,229,4,0,visible,584
I_OC_01,0.001,230,4,0,visible,418
I_OC_01,0.001,231,4,0,visible,301
I_OC_01,0.001,232,4,0,visible,235
I_OC_01,0.001,233,4,0,visible,191
I_OC_01,0.001,234,4,0,visible,138
I_OC_01,0.001,235,4,0,visible,63
I_OC_01,0.001,236,4,0,visible,54
I_OC_01,0.001,237,4,0,visible,54
I_OC_01,0.001,238,4,0,visible,54
I_OC_01,0.001,239,4,0,visible,54
I_OC_01,0.001,240,4,0,visible,54
I_OC_01,0.001,241,4,0,visible,52
I_OC_01,0.001,242,4,0,visible,52
I_OC_01,0.001,243,4,0,visible,44
I_OC_01,0.001,244,,0,visible,31
I_OC_01,0.001,245,,0,visible,21
I_OC_01,0.001,246,,0,visible,5
I_OC_01,0.001,247,,1,no_visible_GT,0
I_OC_01,0.001,248,,1,no_visible_GT,0
I_OC_01,0.001,249,,1,no_visible_GT,0
I_OC_01,0.001,250,,1,no_visible_GT,0
I_OC_01,0.01,1,,1,no_visible_GT,0
I_OC_01,0.01,2,,1,no_visible_GT,0
I_OC_01,0.01,3,,1,no_visible_GT,0
I_OC_01,0.01,4,,1,no_visible_GT,0
I_OC_01,0.01,5,,1,no_visible_GT,0
I_OC_01,0.01,6,,1,no_visible_GT,0
I_OC_01,0.01,7,,1,no_visible_GT,0
I_OC_01,0.01,8,,1,no_visible_GT,0
I_OC_01,0.01,9,,1,no_visible_GT,0
I_OC_01,0.01,10,,1,no_visible_GT,0
I_OC_01,0.01,11,,1,no_visible_GT,0
I_OC_01,0.01,12,,1,no_visible_GT,0
I_OC_01,0.01,13,,1,no_visible_GT,0
I_OC_01,0.01,14,,1,no_visible_GT,0
I_OC_01,0.01,15,,1,no_visible_GT,0
I_OC_01,0.01,16,,1,no_visible_GT,0
I_OC_01,0.01,17,,1,no_visible_GT,0
I_OC_01,0.01,18,,1,no_visible_GT,0
I_OC_01,0.01,19,,1,no_visible_GT,0
I_OC_01,0.01,20,,1,no_visible_GT,0
I_OC_01,0.01,21,,1,no_visible_GT,0
I_OC_01,0.01,22,,1,no_visible_GT,0
I_OC_01,0.01,23,,1,no_visible_GT,0
I_OC_01,0.01,24,,1,no_visible_GT,0
I_OC_01,0.01,25,,1,no_visible_GT,0
I_OC_01,0.01,26,,1,no_visible_GT,0
I_OC_01,0.01,27,,1,no_visible_GT,0
I_OC_01,0.01,28,,1,no_visible_GT,0
I_OC_01,0.01,29,,1,no_visible_GT,0
I_OC_01,0.01,30,,1,no_visible_GT,0
I_OC_01,0.01,31,,1,no_visible_GT,0
I_OC_01,0.01,32,,1,no_visible_GT,0
I_OC_01,0.01,33,,1,no_visible_GT,0
I_OC_01,0.01,34,,1,no_visible_GT,0
I_OC_01,0.01,35,,1,no_visible_GT,0
I_OC_01,0.01,36,,1,no_visible_GT,0
I_OC_01,0.01,37,,1,no_visible_GT,0
I_OC_01,0.01,38,,1,no_visible_GT,0
I_OC_01,0.01,39,,1,no_visible_GT,0
I_OC_01,0.01,40,,1,no_visible_GT,0
I_OC_01,0.01,41,,1,no_visible_GT,0
I_OC_01,0.01,42,,1,no_visible_GT,0
I_OC_01,0.01,43,,1,no_visible_GT,0
I_OC_01,0.01,44,,1,no_visible_GT,0
I_OC_01,0.01,45,,1,no_visible_GT,0
I_OC_01,0.01,46,,1,no_visible_GT,0
I_OC_01,0.01,47,,1,no_visible_GT,0
I_OC_01,0.01,48,,1,no_visible_GT,0
I_OC_01,0.01,49,,1,no_visible_GT,0
I_OC_01,0.01,50,,1,no_visible_GT,0
I_OC_01,0.01,51,,1,no_visible_GT,0
I_OC_01,0.01,52,,1,no_visible_GT,0
I_OC_01,0.01,53,,1,no_visible_GT,0
I_OC_01,0.01,54,,1,no_visible_GT,0
I_OC_01,0.01,55,,1,no_visible_GT,0
I_OC_01,0.01,56,,1,no_visible_GT,0
I_OC_01,0.01,57,,1,no_visible_GT,0
I_OC_01,0.01,58,,1,no_visible_GT,0
I_OC_01,0.01,59,,1,no_visible_GT,0
I_OC_01,0.01,60,,1,no_visible_GT,0
I_OC_01,0.01,61,,1,no_visible_GT,0
I_OC_01,0.01,62,,1,no_visible_GT,0
I_OC_01,0.01,63,,1,no_visible_GT,0
I_OC_01,0.01,64,,1,no_visible_GT,0
I_OC_01,0.01,65,,1,no_visible_GT,0
I_OC_01,0.01,66,,1,no_visible_GT,0
I_OC_01,0.01,67,,1,no_visible_GT,0
I_OC_01,0.01,68,,1,no_visible_GT,0
I_OC_01,0.01,69,,1,no_visible_GT,0
I_OC_01,0.01,70,,1,no_visible_GT,0
I_OC_01,0.01,71,,1,no_visible_GT,0
I_OC_01,0.01,72,,1,no_visible_GT,0
I_OC_01,0.01,73,,1,no_visible_GT,0
I_OC_01,0.01,74,,1,no_visible_GT,0
I_OC_01,0.01,75,,1,no_visible_GT,0
I_OC_01,0.01,76,,1,no_visible_GT,0
I_OC_01,0.01,77,,1,no_visible_GT,0
I_OC_01,0.01,78,,1,no_visible_GT,0
I_OC_01,0.01,79,,1,no_visible_GT,0
I_OC_01,0.01,80,,1,no_visible_GT,0
I_OC_01,0.01,81,,1,no_visible_GT,0
I_OC_01,0.01,82,,1,no_visible_GT,0
I_OC_01,0.01,83,,1,no_visible_GT,0
I_OC_01,0.01,84,,1,no_visible_GT,0
I_OC_01,0.01,85,,1,no_visible_GT,0
I_OC_01,0.01,86,,1,no_visible_GT,0
I_OC_01,0.01,87,,1,no_visible_GT,0
I_OC_01,0.01,88,,1,no_visible_GT,0
I_OC_01,0.01,89,,0,visible,1
I_OC_01,0.01,90,,0,visible,2
I_OC_01,0.01,91,,0,visible,2
I_OC_01,0.01,92,,0,visible,3
I_OC_01,0.01,93,,0,visible,35
I_OC_01,0.01,94,1,0,visible,141
I_OC_01,0.01,95,1,0,visible,265
I_OC_01,0.01,96,1,0,visible,382
I_OC_01,0.01,97,1,0,visible,531
I_OC_01,0.01,98,1,0,visible,670
I_OC_01,0.01,99,1,0,visible,848
I_OC_01,0.01,100,1,0,visible,988
I_OC_01,0.01,101,1,0,visible,1161
I_OC_01,0.01,102,1,0,visible,1265
I_OC_01,0.01,103,1,0,visible,1255
I_OC_01,0.01,104,1,0,visible,1250
I_OC_01,0.01,105,1,0,visible,1244
I_OC_01,0.01,106,1,0,visible,1239
I_OC_01,0.01,107,1,0,visible,1230
I_OC_01,0.01,108,1,0,visible,1202
I_OC_01,0.01,109,1,0,visible,1220
I_OC_01,0.01,110,1,0,visible,1309
I_OC_01,0.01,111,1,0,visible,1337
I_OC_01,0.01,112,1,0,visible,1344
I_OC_01,0.01,113,1,0,visible,1356
I_OC_01,0.01,114,1,0,visible,1373
I_OC_01,0.01,115,1,0,visible,1371
I_OC_01,0.01,116,1,0,visible,1403
I_OC_01,0.01,117,1,0,visible,1405
I_OC_01,0.01,118,1,0,visible,1419
I_OC_01,0.01,119,1,0,visible,1414
I_OC_01,0.01,120,1,0,visible,1428
I_OC_01,0.01,121,1,0,visible,1379
I_OC_01,0.01,122,1,0,visible,1406
I_OC_01,0.01,123,1,0,visible,1360
I_OC_01,0.01,124,1,0,visible,1363
I_OC_01,0.01,125,1,0,visible,1376
I_OC_01,0.01,126,1,0,visible,1381
I_OC_01,0.01,127,1,0,visible,1439
I_OC_01,0.01,128,1,0,visible,1477
I_OC_01,0.01,129,1,0,visible,1450
I_OC_01,0.01,130,1,0,visible,1491
I_OC_01,0.01,131,1,0,visible,1498
I_OC_01,0.01,132,1,0,visible,1471
I_OC_01,0.01,133,1,0,visible,1479
I_OC_01,0.01,134,1,0,visible,1402
I_OC_01,0.01,135,1,0,visible,1382
I_OC_01,0.01,136,1,0,visible,1377
I_OC_01,0.01,137,1,0,visible,1305
I_OC_01,0.01,138,1,0,visible,1286
I_OC_01,0.01,139,1,0,visible,1279
I_OC_01,0.01,140,1,0,visible,1317
I_OC_01,0.01,141,1,0,visible,1298
I_OC_01,0.01,142,1,0,visible,1395
I_OC_01,0.01,143,1,0,visible,1399
I_OC_01,0.01,144,1,0,visible,1410
I_OC_01,0.01,145,1,0,visible,1423
I_OC_01,0.01,146,1,0,visible,1456
I_OC_01,0.01,147,1,0,visible,1447
I_OC_01,0.01,148,1,0,visible,1457
I_OC_01,0.01,149,1,0,visible,1442
I_OC_01,0.01,150,1,0,visible,1447
I_OC_01,0.01,151,1,0,visible,1447
I_OC_01,0.01,152,1,0,visible,1431
I_OC_01,0.01,153,1,0,visible,1377
I_OC_01,0.01,154,1,0,visible,1324
I_OC_01,0.01,155,1,0,visible,1350
I_OC_01,0.01,156,1,0,visible,1385
I_OC_01,0.01,157,1,0,visible,1417
I_OC_01,0.01,158,1,0,visible,1490
I_OC_01,0.01,159,1,0,visible,1732
I_OC_01,0.01,160,1,0,visible,1484
I_OC_01,0.01,161,1,0,visible,1423
I_OC_01,0.01,162,1,0,visible,1323
I_OC_01,0.01,163,1,0,visible,1262
I_OC_01,0.01,164,1,0,visible,1121
I_OC_01,0.01,165,1,0,visible,910
I_OC_01,0.01,166,1,0,visible,698
I_OC_01,0.01,167,1,0,visible,442
I_OC_01,0.01,168,3,0,visible,242
I_OC_01,0.01,169,3,0,visible,105
I_OC_01,0.01,170,,0,visible,61
I_OC_01,0.01,171,,1,no_visible_GT,0
I_OC_01,0.01,172,,1,no_visible_GT,0
I_OC_01,0.01,173,,1,no_visible_GT,0
I_OC_01,0.01,174,,1,no_visible_GT,0
I_OC_01,0.01,175,,1,no_visible_GT,0
I_OC_01,0.01,176,,1,no_visible_GT,0
I_OC_01,0.01,177,,1,no_visible_GT,0
I_OC_01,0.01,178,,1,no_visible_GT,0
I_OC_01,0.01,179,,1,no_visible_GT,0
I_OC_01,0.01,180,,1,no_visible_GT,0
I_OC_01,0.01,181,,1,no_visible_GT,0
I_OC_01,0.01,182,,1,no_visible_GT,0
I_OC_01,0.01,183,,1,no_visible_GT,0
I_OC_01,0.01,184,,1,no_visible_GT,0
I_OC_01,0.01,185,,1,no_visible_GT,0
I_OC_01,0.01,186,,1,no_visible_GT,0
I_OC_01,0.01,187,,1,no_visible_GT,0
I_OC_01,0.01,188,,1,no_visible_GT,0
I_OC_01,0.01,189,,1,no_visible_GT,0
I_OC_01,0.01,190,,0,visible,5
I_OC_01,0.01,191,,0,visible,34
I_OC_01,0.01,192,4,0,visible,109
I_OC_01,0.01,193,4,0,visible,241
I_OC_01,0.01,194,4,0,visible,340
I_OC_01,0.01,195,4,0,visible,445
I_OC_01,0.01,196,4,0,visible,590
I_OC_01,0.01,197,4,0,visible,745
I_OC_01,0.01,198,4,0,visible,859
I_OC_01,0.01,199,4,0,visible,976
I_OC_01,0.01,200,4,0,visible,1065
I_OC_01,0.01,201,4,0,visible,1173
I_OC_01,0.01,202,4,0,visible,1242
I_OC_01,0.01,203,4,0,visible,1314
I_OC_01,0.01,204,4,0,visible,1527
I_OC_01,0.01,205,4,0,visible,1559
I_OC_01,0.01,206,4,0,visible,1610
I_OC_01,0.01,207,4,0,visible,1566
I_OC_01,0.01,208,4,0,visible,1597
I_OC_01,0.01,209,4,0,visible,1608
I_OC_01,0.01,210,4,0,visible,1594
I_OC_01,0.01,211,4,0,visible,1594
I_OC_01,0.01,212,4,0,visible,1560
I_OC_01,0.01,213,4,0,visible,1538
I_OC_01,0.01,214,4,0,visible,1449
I_OC_01,0.01,215,4,0,visible,1394
I_OC_01,0.01,216,4,0,visible,1429
I_OC_01,0.01,217,4,0,visible,1441
I_OC_01,0.01,218,4,0,visible,1467
I_OC_01,0.01,219,4,0,visible,1540
I_OC_01,0.01,220,4,0,visible,1566
I_OC_01,0.01,221,4,0,visible,1569
I_OC_01,0.01,222,4,0,visible,1531
I_OC_01,0.01,223,4,0,visible,1505
I_OC_01,0.01,224,4,0,visible,1476
I_OC_01,0.01,225,4,0,visible,1365
I_OC_01,0.01,226,4,0,visible,1242
I_OC_01,0.01,227,4,0,visible,1023
I_OC_01,0.01,228,4,0,visible,782
I_OC_01,0.01,229,4,0,visible,584
I_OC_01,0.01,230,4,0,visible,418
I_OC_01,0.01,231,4,0,visible,301
I_OC_01,0.01,232,4,0,visible,235
I_OC_01,0.01,233,4,0,visible,191
I_OC_01,0.01,234,,0,visible,138
I_OC_01,0.01,235,,0,visible,63
I_OC_01,0.01,236,,0,visible,54
I_OC_01,0.01,237,,0,visible,54
I_OC_01,0.01,238,,0,visible,54
I_OC_01,0.01,239,,0,visible,54
I_OC_01,0.01,240,,0,visible,54
I_OC_01,0.01,241,,0,visible,52
I_OC_01,0.01,242,,0,visible,52
I_OC_01,0.01,243,,0,visible,44
I_OC_01,0.01,244,,0,visible,31
I_OC_01,0.01,245,,0,visible,21
I_OC_01,0.01,246,,0,visible,5
I_OC_01,0.01,247,,1,no_visible_GT,0
I_OC_01,0.01,248,,1,no_visible_GT,0
I_OC_01,0.01,249,,1,no_visible_GT,0
I_OC_01,0.01,250,,1,no_visible_GT,0
I_OC_01,0.1,1,,1,no_visible_GT,0
I_OC_01,0.1,2,,1,no_visible_GT,0
I_OC_01,0.1,3,,1,no_visible_GT,0
I_OC_01,0.1,4,,1,no_visible_GT,0
I_OC_01,0.1,5,,1,no_visible_GT,0
I_OC_01,0.1,6,,1,no_visible_GT,0
I_OC_01,0.1,7,,1,no_visible_GT,0
I_OC_01,0.1,8,,1,no_visible_GT,0
I_OC_01,0.1,9,,1,no_visible_GT,0
I_OC_01,0.1,10,,1,no_visible_GT,0
I_OC_01,0.1,11,,1,no_visible_GT,0
I_OC_01,0.1,12,,1,no_visible_GT,0
I_OC_01,0.1,13,,1,no_visible_GT,0
I_OC_01,0.1,14,,1,no_visible_GT,0
I_OC_01,0.1,15,,1,no_visible_GT,0
I_OC_01,0.1,16,,1,no_visible_GT,0
I_OC_01,0.1,17,,1,no_visible_GT,0
I_OC_01,0.1,18,,1,no_visible_GT,0
I_OC_01,0.1,19,,1,no_visible_GT,0
I_OC_01,0.1,20,,1,no_visible_GT,0
I_OC_01,0.1,21,,1,no_visible_GT,0
I_OC_01,0.1,22,,1,no_visible_GT,0
I_OC_01,0.1,23,,1,no_visible_GT,0
I_OC_01,0.1,24,,1,no_visible_GT,0
I_OC_01,0.1,25,,1,no_visible_GT,0
I_OC_01,0.1,26,,1,no_visible_GT,0
I_OC_01,0.1,27,,1,no_visible_GT,0
I_OC_01,0.1,28,,1,no_visible_GT,0
I_OC_01,0.1,29,,1,no_visible_GT,0
I_OC_01,0.1,30,,1,no_visible_GT,0
I_OC_01,0.1,31,,1,no_visible_GT,0
I_OC_01,0.1,32,,1,no_visible_GT,0
I_OC_01,0.1,33,,1,no_visible_GT,0
I_OC_01,0.1,34,,1,no_visible_GT,0
I_OC_01,0.1,35,,1,no_visible_GT,0
I_OC_01,0.1,36,,1,no_visible_GT,0
I_OC_01,0.1,37,,1,no_visible_GT,0
I_OC_01,0.1,38,,1,no_visible_GT,0
I_OC_01,0.1,39,,1,no_visible_GT,0
I_OC_01,0.1,40,,1,no_visible_GT,0
I_OC_01,0.1,41,,1,no_visible_GT,0
I_OC_01,0.1,42,,1,no_visible_GT,0
I_OC_01,0.1,43,,1,no_visible_GT,0
I_OC_01,0.1,44,,1,no_visible_GT,0
I_OC_01,0.1,45,,1,no_visible_GT,0
I_OC_01,0.1,46,,1,no_visible_GT,0
I_OC_01,0.1,47,,1,no_visible_GT,0
I_OC_01,0.1,48,,1,no_visible_GT,0
I_OC_01,0.1,49,,1,no_visible_GT,0
I_OC_01,0.1,50,,1,no_visible_GT,0
I_OC_01,0.1,51,,1,no_visible_GT,0
I_OC_01,0.1,52,,1,no_visible_GT,0
I_OC_01,0.1,53,,1,no_visible_GT,0
I_OC_01,0.1,54,,1,no_visible_GT,0
I_OC_01,0.1,55,,1,no_visible_GT,0
I_OC_01,0.1,56,,1,no_visible_GT,0
I_OC_01,0.1,57,,1,no_visible_GT,0
I_OC_01,0.1,58,,1,no_visible_GT,0
I_OC_01,0.1,59,,1,no_visible_GT,0
I_OC_01,0.1,60,,1,no_visible_GT,0
I_OC_01,0.1,61,,1,no_visible_GT,0
I_OC_01,0.1,62,,1,no_visible_GT,0
I_OC_01,0.1,63,,1,no_visible_GT,0
I_OC_01,0.1,64,,1,no_visible_GT,0
I_OC_01,0.1,65,,1,no_visible_GT,0
I_OC_01,0.1,66,,1,no_visible_GT,0
I_OC_01,0.1,67,,1,no_visible_GT,0
I_OC_01,0.1,68,,1,no_visible_GT,0
I_OC_01,0.1,69,,1,no_visible_GT,0
I_OC_01,0.1,70,,1,no_visible_GT,0
I_OC_01,0.1,71,,1,no_visible_GT,0
I_OC_01,0.1,72,,1,no_visible_GT,0
I_OC_01,0.1,73,,1,no_visible_GT,0
I_OC_01,0.1,74,,1,no_visible_GT,0
I_OC_01,0.1,75,,1,no_visible_GT,0
I_OC_01,0.1,76,,1,no_visible_GT,0
I_OC_01,0.1,77,,1,no_visible_GT,0
I_OC_01,0.1,78,,1,no_visible_GT,0
I_OC_01,0.1,79,,1,no_visible_GT,0
I_OC_01,0.1,80,,1,no_visible_GT,0
I_OC_01,0.1,81,,1,no_visible_GT,0
I_OC_01,0.1,82,,1,no_visible_GT,0
I_OC_01,0.1,83,,1,no_visible_GT,0
I_OC_01,0.1,84,,1,no_visible_GT,0
I_OC_01,0.1,85,,1,no_visible_GT,0
I_OC_01,0.1,86,,1,no_visible_GT,0
I_OC_01,0.1,87,,1,no_visible_GT,0
I_OC_01,0.1,88,,1,no_visible_GT,0
I_OC_01,0.1,89,,0,visible,1
I_OC_01,0.1,90,,0,visible,2
I_OC_01,0.1,91,,0,visible,2
I_OC_01,0.1,92,,0,visible,3
I_OC_01,0.1,93,,0,visible,35
I_OC_01,0.1,94,,0,visible,141
I_OC_01,0.1,95,,0,visible,265
I_OC_01,0.1,96,,0,visible,382
I_OC_01,0.1,97,,0,visible,531
I_OC_01,0.1,98,,0,visible,670
I_OC_01,0.1,99,,0,visible,848
I_OC_01,0.1,100,,0,visible,988
I_OC_01,0.1,101,,0,visible,1161
I_OC_01,0.1,102,,0,visible,1265
I_OC_01,0.1,103,,0,visible,1255
I_OC_01,0.1,104,,0,visible,1250
I_OC_01,0.1,105,,0,visible,1244
I_OC_01,0.1,106,,0,visible,1239
I_OC_01,0.1,107,,0,visible,1230
I_OC_01,0.1,108,,0,visible,1202
I_OC_01,0.1,109,,0,visible,1220
I_OC_01,0.1,110,,0,visible,1309
I_OC_01,0.1,111,,0,visible,1337
I_OC_01,0.1,112,,0,visible,1344
I_OC_01,0.1,113,,0,visible,1356
I_OC_01,0.1,114,,0,visible,1373
I_OC_01,0.1,115,,0,visible,1371
I_OC_01,0.1,116,,0,visible,1403
I_OC_01,0.1,117,,0,visible,1405
I_OC_01,0.1,118,,0,visible,1419
I_OC_01,0.1,119,,0,visible,1414
I_OC_01,0.1,120,,0,visible,1428
I_OC_01,0.1,121,,0,visible,1379
I_OC_01,0.1,122,,0,visible,1406
I_OC_01,0.1,123,,0,visible,1360
I_OC_01,0.1,124,,0,visible,1363
I_OC_01,0.1,125,,0,visible,1376
I_OC_01,0.1,126,,0,visible,1381
I_OC_01,0.1,127,,0,visible,1439
I_OC_01,0.1,128,,0,visible,1477
I_OC_01,0.1,129,,0,visible,1450
I_OC_01,0.1,130,,0,visible,1491
I_OC_01,0.1,131,,0,visible,1498
I_OC_01,0.1,132,,0,visible,1471
I_OC_01,0.1,133,,0,visible,1479
I_OC_01,0.1,134,,0,visible,1402
I_OC_01,0.1,135,,0,visible,1382
I_OC_01,0.1,136,,0,visible,1377
I_OC_01,0.1,137,,0,visible,1305
I_OC_01,0.1,138,,0,visible,1286
I_OC_01,0.1,139,,0,visible,1279
I_OC_01,0.1,140,,0,visible,1317
I_OC_01,0.1,141,,0,visible,1298
I_OC_01,0.1,142,,0,visible,1395
I_OC_01,0.1,143,,0,visible,1399
I_OC_01,0.1,144,,0,visible,1410
I_OC_01,0.1,145,,0,visible,1423
I_OC_01,0.1,146,,0,visible,1456
I_OC_01,0.1,147,,0,visible,1447
I_OC_01,0.1,148,,0,visible,1457
I_OC_01,0.1,149,,0,visible,1442
I_OC_01,0.1,150,,0,visible,1447
I_OC_01,0.1,151,,0,visible,1447
I_OC_01,0.1,152,,0,visible,1431
I_OC_01,0.1,153,,0,visible,1377
I_OC_01,0.1,154,,0,visible,1324
I_OC_01,0.1,155,,0,visible,1350
I_OC_01,0.1,156,,0,visible,1385
I_OC_01,0.1,157,,0,visible,1417
I_OC_01,0.1,158,,0,visible,1490
I_OC_01,0.1,159,,0,visible,1732
I_OC_01,0.1,160,,0,visible,1484
I_OC_01,0.1,161,,0,visible,1423
I_OC_01,0.1,162,,0,visible,1323
I_OC_01,0.1,163,,0,visible,1262
I_OC_01,0.1,164,,0,visible,1121
I_OC_01,0.1,165,,0,visible,910
I_OC_01,0.1,166,,0,visible,698
I_OC_01,0.1,167,,0,visible,442
I_OC_01,0.1,168,,0,visible,242
I_OC_01,0.1,169,,0,visible,105
I_OC_01,0.1,170,,0,visible,61
I_OC_01,0.1,171,,1,no_visible_GT,0
I_OC_01,0.1,172,,1,no_visible_GT,0
I_OC_01,0.1,173,,1,no_visible_GT,0
I_OC_01,0.1,174,,1,no_visible_GT,0
I_OC_01,0.1,175,,1,no_visible_GT,0
I_OC_01,0.1,176,,1,no_visible_GT,0
I_OC_01,0.1,177,,1,no_visible_GT,0
I_OC_01,0.1,178,,1,no_visible_GT,0
I_OC_01,0.1,179,,1,no_visible_GT,0
I_OC_01,0.1,180,,1,no_visible_GT,0
I_OC_01,0.1,181,,1,no_visible_GT,0
I_OC_01,0.1,182,,1,no_visible_GT,0
I_OC_01,0.1,183,,1,no_visible_GT,0
I_OC_01,0.1,184,,1,no_visible_GT,0
I_OC_01,0.1,185,,1,no_visible_GT,0
I_OC_01,0.1,186,,1,no_visible_GT,0
I_OC_01,0.1,187,,1,no_visible_GT,0
I_OC_01,0.1,188,,1,no_visible_GT,0
I_OC_01,0.1,189,,1,no_visible_GT,0
I_OC_01,0.1,190,,0,visible,5
I_OC_01,0.1,191,,0,visible,34
I_OC_01,0.1,192,,0,visible,109
I_OC_01,0.1,193,,0,visible,241
I_OC_01,0.1,194,,0,visible,340
I_OC_01,0.1,195,,0,visible,445
I_OC_01,0.1,196,,0,visible,590
I_OC_01,0.1,197,,0,visible,745
I_OC_01,0.1,198,,0,visible,859
I_OC_01,0.1,199,,0,visible,976
I_OC_01,0.1,200,,0,visible,1065
I_OC_01,0.1,201,,0,visible,1173
I_OC_01,0.1,202,,0,visible,1242
I_OC_01,0.1,203,,0,visible,1314
I_OC_01,0.1,204,,0,visible,1527
I_OC_01,0.1,205,,0,visible,1559
I_OC_01,0.1,206,,0,visible,1610
I_OC_01,0.1,207,,0,visible,1566
I_OC_01,0.1,208,,0,visible,1597
I_OC_01,0.1,209,,0,visible,1608
I_OC_01,0.1,210,,0,visible,1594
I_OC_01,0.1,211,,0,visible,1594
I_OC_01,0.1,212,,0,visible,1560
I_OC_01,0.1,213,,0,visible,1538
I_OC_01,0.1,214,,0,visible,1449
I_OC_01,0.1,215,,0,visible,1394
I_OC_01,0.1,216,,0,visible,1429
I_OC_01,0.1,217,,0,visible,1441
I_OC_01,0.1,218,,0,visible,1467
I_OC_01,0.1,219,,0,visible,1540
I_OC_01,0.1,220,,0,visible,1566
I_OC_01,0.1,221,,0,visible,1569
I_OC_01,0.1,222,,0,visible,1531
I_OC_01,0.1,223,,0,visible,1505
I_OC_01,0.1,224,,0,visible,1476
I_OC_01,0.1,225,,0,visible,1365
I_OC_01,0.1,226,,0,visible,1242
I_OC_01,0.1,227,,0,visible,1023
I_OC_01,0.1,228,,0,visible,782
I_OC_01,0.1,229,,0,visible,584
I_OC_01,0.1,230,,0,visible,418
I_OC_01,0.1,231,,0,visible,301
I_OC_01,0.1,232,,0,visible,235
I_OC_01,0.1,233,,0,visible,191
I_OC_01,0.1,234,,0,visible,138
I_OC_01,0.1,235,,0,visible,63
I_OC_01,0.1,236,,0,visible,54
I_OC_01,0.1,237,,0,visible,54
I_OC_01,0.1,238,,0,visible,54
I_OC_01,0.1,239,,0,visible,54
I_OC_01,0.1,240,,0,visible,54
I_OC_01,0.1,241,,0,visible,52
I_OC_01,0.1,242,,0,visible,52
I_OC_01,0.1,243,,0,visible,44
I_OC_01,0.1,244,,0,visible,31
I_OC_01,0.1,245,,0,visible,21
I_OC_01,0.1,246,,0,visible,5
I_OC_01,0.1,247,,1,no_visible_GT,0
I_OC_01,0.1,248,,1,no_visible_GT,0
I_OC_01,0.1,249,,1,no_visible_GT,0
I_OC_01,0.1,250,,1,no_visible_GT,0
I_OC_02,0.001,1,,1,no_visible_GT,0
I_OC_02,0.001,2,,1,no_visible_GT,0
I_OC_02,0.001,3,,1,no_visible_GT,0
I_OC_02,0.001,4,,1,no_visible_GT,0
I_OC_02,0.001,5,,1,no_visible_GT,0
I_OC_02,0.001,6,,1,no_visible_GT,0
I_OC_02,0.001,7,,1,no_visible_GT,0
I_OC_02,0.001,8,,1,no_visible_GT,0
I_OC_02,0.001,9,,1,no_visible_GT,0
I_OC_02,0.001,10,,1,no_visible_GT,0
I_OC_02,0.001,11,,1,no_visible_GT,0
I_OC_02,0.001,12,,1,no_visible_GT,0
I_OC_02,0.001,13,,1,no_visible_GT,0
I_OC_02,0.001,14,,1,no_visible_GT,0
I_OC_02,0.001,15,,1,no_visible_GT,0
I_OC_02,0.001,16,,1,no_visible_GT,0
I_OC_02,0.001,17,,1,no_visible_GT,0
I_OC_02,0.001,18,,1,no_visible_GT,0
I_OC_02,0.001,19,,1,no_visible_GT,0
I_OC_02,0.001,20,,1,no_visible_GT,0
I_OC_02,0.001,21,,1,no_visible_GT,0
I_OC_02,0.001,22,,1,no_visible_GT,0
I_OC_02,0.001,23,,1,no_visible_GT,0
I_OC_02,0.001,24,,1,no_visible_GT,0
I_OC_02,0.001,25,,1,no_visible_GT,0
I_OC_02,0.001,26,,1,no_visible_GT,0
I_OC_02,0.001,27,,1,no_visible_GT,0
I_OC_02,0.001,28,,1,no_visible_GT,0
I_OC_02,0.001,29,,1,no_visible_GT,0
I_OC_02,0.001,30,,1,no_visible_GT,0
I_OC_02,0.001,31,,1,no_visible_GT,0
I_OC_02,0.001,32,,1,no_visible_GT,0
I_OC_02,0.001,33,,1,no_visible_GT,0
I_OC_02,0.001,34,,1,no_visible_GT,0
I_OC_02,0.001,35,,1,no_visible_GT,0
I_OC_02,0.001,36,,1,no_visible_GT,0
I_OC_02,0.001,37,,1,no_visible_GT,0
I_OC_02,0.001,38,,1,no_visible_GT,0
I_OC_02,0.001,39,,1,no_visible_GT,0
I_OC_02,0.001,40,,1,no_visible_GT,0
I_OC_02,0.001,41,,1,no_visible_GT,0
I_OC_02,0.001,42,,1,no_visible_GT,0
I_OC_02,0.001,43,,1,no_visible_GT,0
I_OC_02,0.001,44,,1,no_visible_GT,0
I_OC_02,0.001,45,,1,no_visible_GT,0
I_OC_02,0.001,46,,1,no_visible_GT,0
I_OC_02,0.001,47,,1,no_visible_GT,0
I_OC_02,0.001,48,,1,no_visible_GT,0
I_OC_02,0.001,49,,1,no_visible_GT,0
I_OC_02,0.001,50,,1,no_visible_GT,0
I_OC_02,0.001,51,,1,no_visible_GT,0
I_OC_02,0.001,52,,1,no_visible_GT,0
I_OC_02,0.001,53,,1,no_visible_GT,0
I_OC_02,0.001,54,,1,no_visible_GT,0
I_OC_02,0.001,55,,1,no_visible_GT,0
I_OC_02,0.001,56,,1,no_visible_GT,0
I_OC_02,0.001,57,,1,no_visible_GT,0
I_OC_02,0.001,58,,1,no_visible_GT,0
I_OC_02,0.001,59,,1,no_visible_GT,0
I_OC_02,0.001,60,,1,no_visible_GT,0
I_OC_02,0.001,61,,1,no_visible_GT,0
I_OC_02,0.001,62,,1,no_visible_GT,0
I_OC_02,0.001,63,,1,no_visible_GT,0
I_OC_02,0.001,64,,1,no_visible_GT,0
I_OC_02,0.001,65,,1,no_visible_GT,0
I_OC_02,0.001,66,,1,no_visible_GT,0
I_OC_02,0.001,67,,1,no_visible_GT,0
I_OC_02,0.001,68,,1,no_visible_GT,0
I_OC_02,0.001,69,,1,no_visible_GT,0
I_OC_02,0.001,70,,1,no_visible_GT,0
I_OC_02,0.001,71,,1,no_visible_GT,0
I_OC_02,0.001,72,,1,no_visible_GT,0
I_OC_02,0.001,73,,1,no_visible_GT,0
I_OC_02,0.001,74,,1,no_visible_GT,0
I_OC_02,0.001,75,,1,no_visible_GT,0
I_OC_02,0.001,76,,1,no_visible_GT,0
I_OC_02,0.001,77,,1,no_visible_GT,0
I_OC_02,0.001,78,,1,no_visible_GT,0
I_OC_02,0.001,79,,1,no_visible_GT,0
I_OC_02,0.001,80,,1,no_visible_GT,0
I_OC_02,0.001,81,,1,no_visible_GT,0
I_OC_02,0.001,82,,1,no_visible_GT,0
I_OC_02,0.001,83,,1,no_visible_GT,0
I_OC_02,0.001,84,,1,no_visible_GT,0
I_OC_02,0.001,85,1,0,visible,39
I_OC_02,0.001,86,1,0,visible,537
I_OC_02,0.001,87,2,0,visible,1426
I_OC_02,0.001,88,1,0,visible,3112
I_OC_02,0.001,89,1,0,visible,5131
I_OC_02,0.001,90,1,0,visible,7134
I_OC_02,0.001,91,2,0,visible,9620
I_OC_02,0.001,92,2,0,visible,11247
I_OC_02,0.001,93,2,0,visible,12781
I_OC_02,0.001,94,2,0,visible,13973
I_OC_02,0.001,95,2,0,visible,15060
I_OC_02,0.001,96,2,0,visible,15192
I_OC_02,0.001,97,2,0,visible,14865
I_OC_02,0.001,98,2,0,visible,14345
I_OC_02,0.001,99,2,0,visible,13993
I_OC_02,0.001,100,2,0,visible,13430
I_OC_02,0.001,101,2,0,visible,12959
I_OC_02,0.001,102,2,0,visible,13258
I_OC_02,0.001,103,2,0,visible,13480
I_OC_02,0.001,104,2,0,visible,13711
I_OC_02,0.001,105,2,0,visible,13397
I_OC_02,0.001,106,2,0,visible,13330
I_OC_02,0.001,107,2,0,visible,13106
I_OC_02,0.001,108,2,0,visible,12860
I_OC_02,0.001,109,2,0,visible,12657
I_OC_02,0.001,110,2,0,visible,11956
I_OC_02,0.001,111,2,0,visible,11355
I_OC_02,0.001,112,2,0,visible,11234
I_OC_02,0.001,113,2,0,visible,11727
I_OC_02,0.001,114,2,0,visible,12029
I_OC_02,0.001,115,2,0,visible,12534
I_OC_02,0.001,116,2,0,visible,13120
I_OC_02,0.001,117,16,0,visible,13259
I_OC_02,0.001,118,16,0,visible,13383
I_OC_02,0.001,119,2,0,visible,13267
I_OC_02,0.001,120,2,0,visible,13287
I_OC_02,0.001,121,2,0,visible,13469
I_OC_02,0.001,122,2,0,visible,13092
I_OC_02,0.001,123,2,0,visible,13123
I_OC_02,0.001,124,2,0,visible,12518
I_OC_02,0.001,125,2,0,visible,11784
I_OC_02,0.001,126,2,0,visible,11962
I_OC_02,0.001,127,2,0,visible,12148
I_OC_02,0.001,128,2,0,visible,11642
I_OC_02,0.001,129,2,0,visible,11145
I_OC_02,0.001,130,2,0,visible,9810
I_OC_02,0.001,131,2,0,visible,8371
I_OC_02,0.001,132,2,0,visible,7049
I_OC_02,0.001,133,2,0,visible,5569
I_OC_02,0.001,134,2,0,visible,4057
I_OC_02,0.001,135,2,0,visible,2404
I_OC_02,0.001,136,20,0,visible,753
I_OC_02,0.001,137,20,0,visible,142
I_OC_02,0.001,138,,1,no_visible_GT,0
I_OC_02,0.001,139,,1,no_visible_GT,0
I_OC_02,0.001,140,,1,no_visible_GT,0
I_OC_02,0.001,141,,1,no_visible_GT,0
I_OC_02,0.001,142,,1,no_visible_GT,0
I_OC_02,0.001,143,,1,no_visible_GT,0
I_OC_02,0.001,144,,1,no_visible_GT,0
I_OC_02,0.001,145,,1,no_visible_GT,0
I_OC_02,0.001,146,,1,no_visible_GT,0
I_OC_02,0.001,147,,1,no_visible_GT,0
I_OC_02,0.001,148,,1,no_visible_GT,0
I_OC_02,0.001,149,,1,no_visible_GT,0
I_OC_02,0.001,150,,1,no_visible_GT,0
I_OC_02,0.001,151,,1,no_visible_GT,0
I_OC_02,0.001,152,,1,no_visible_GT,0
I_OC_02,0.001,153,,1,no_visible_GT,0
I_OC_02,0.001,154,,1,no_visible_GT,0
I_OC_02,0.001,155,,1,no_visible_GT,0
I_OC_02,0.001,156,,1,no_visible_GT,0
I_OC_02,0.001,157,,1,no_visible_GT,0
I_OC_02,0.001,158,,1,no_visible_GT,0
I_OC_02,0.001,159,,1,no_visible_GT,0
I_OC_02,0.001,160,,0,visible,41
I_OC_02,0.001,161,21,0,visible,82
I_OC_02,0.001,162,21,0,visible,147
I_OC_02,0.001,163,21,0,visible,195
I_OC_02,0.001,164,21,0,visible,402
I_OC_02,0.001,165,21,0,visible,805
I_OC_02,0.001,166,21,0,visible,1426
I_OC_02,0.001,167,21,0,visible,2237
I_OC_02,0.001,168,21,0,visible,3024
I_OC_02,0.001,169,21,0,visible,3859
I_OC_02,0.001,170,21,0,visible,4305
I_OC_02,0.001,171,21,0,visible,4865
I_OC_02,0.001,172,21,0,visible,5387
I_OC_02,0.001,173,21,0,visible,5731
I_OC_02,0.001,174,21,0,visible,5959
I_OC_02,0.001,175,21,0,visible,6031
I_OC_02,0.001,176,21,0,visible,6158
I_OC_02,0.001,177,21,0,visible,6198
I_OC_02,0.001,178,21,0,visible,6172
I_OC_02,0.001,179,21,0,visible,6018
I_OC_02,0.001,180,21,0,visible,5860
I_OC_02,0.001,181,21,0,visible,5310
I_OC_02,0.001,182,21,0,visible,5351
I_OC_02,0.001,183,21,0,visible,5650
I_OC_02,0.001,184,21,0,visible,5656
I_OC_02,0.001,185,21,0,visible,5577
I_OC_02,0.001,186,21,0,visible,5650
I_OC_02,0.001,187,21,0,visible,5619
I_OC_02,0.001,188,21,0,visible,5249
I_OC_02,0.001,189,21,0,visible,5084
I_OC_02,0.001,190,21,0,visible,4913
I_OC_02,0.001,191,21,0,visible,4464
I_OC_02,0.001,192,21,0,visible,3988
I_OC_02,0.001,193,21,0,visible,3564
I_OC_02,0.001,194,21,0,visible,3032
I_OC_02,0.001,195,21,0,visible,2848
I_OC_02,0.001,196,21,0,visible,2973
I_OC_02,0.001,197,21,0,visible,3029
I_OC_02,0.001,198,21,0,visible,2941
I_OC_02,0.001,199,21,0,visible,2829
I_OC_02,0.001,200,21,0,visible,2736
I_OC_02,0.001,201,21,0,visible,2727
I_OC_02,0.001,202,25,0,visible,2939
I_OC_02,0.001,203,21,0,visible,2981
I_OC_02,0.001,204,25,0,visible,2999
I_OC_02,0.001,205,21,0,visible,2996
I_OC_02,0.001,206,29,0,visible,2890
I_OC_02,0.001,207,21,0,visible,2916
I_OC_02,0.001,208,21,0,visible,2739
I_OC_02,0.001,209,29,0,visible,2921
I_OC_02,0.001,210,21,0,visible,2942
I_OC_02,0.001,211,29,0,visible,2930
I_OC_02,0.001,212,29,0,visible,2902
I_OC_02,0.001,213,29,0,visible,2804
I_OC_02,0.001,214,27,0,visible,2769
I_OC_02,0.001,215,21,0,visible,2623
I_OC_02,0.001,216,27,0,visible,2548
I_OC_02,0.001,217,29,0,visible,2334
I_OC_02,0.001,218,29,0,visible,2175
I_OC_02,0.001,219,29,0,visible,2216
I_OC_02,0.001,220,29,0,visible,2232
I_OC_02,0.001,221,29,0,visible,2156
I_OC_02,0.001,222,29,0,visible,2136
I_OC_02,0.001,223,29,0,visible,2108
I_OC_02,0.001,224,29,0,visible,2138
I_OC_02,0.001,225,29,0,visible,2133
I_OC_02,0.001,226,29,0,visible,2108
I_OC_02,0.001,227,29,0,visible,1968
I_OC_02,0.001,228,29,0,visible,1770
I_OC_02,0.001,229,29,0,visible,1425
I_OC_02,0.001,230,29,0,visible,1126
I_OC_02,0.001,231,29,0,visible,928
I_OC_02,0.001,232,29,0,visible,882
I_OC_02,0.001,233,29,0,visible,920
I_OC_02,0.001,234,29,0,visible,907
I_OC_02,0.001,235,29,0,visible,1013
I_OC_02,0.001,236,29,0,visible,1091
I_OC_02,0.001,237,29,0,visible,1201
I_OC_02,0.001,238,29,0,visible,1253
I_OC_02,0.001,239,29,0,visible,1219
I_OC_02,0.001,240,29,0,visible,1181
I_OC_02,0.001,241,29,0,visible,1143
I_OC_02,0.001,242,29,0,visible,1099
I_OC_02,0.001,243,29,0,visible,991
I_OC_02,0.001,244,29,0,visible,863
I_OC_02,0.001,245,29,0,visible,715
I_OC_02,0.001,246,29,0,visible,605
I_OC_02,0.001,247,29,0,visible,459
I_OC_02,0.001,248,29,0,visible,336
I_OC_02,0.001,249,29,0,visible,225
I_OC_02,0.001,250,29,0,visible,129
I_OC_02,0.01,1,,1,no_visible_GT,0
I_OC_02,0.01,2,,1,no_visible_GT,0
I_OC_02,0.01,3,,1,no_visible_GT,0
I_OC_02,0.01,4,,1,no_visible_GT,0
I_OC_02,0.01,5,,1,no_visible_GT,0
I_OC_02,0.01,6,,1,no_visible_GT,0
I_OC_02,0.01,7,,1,no_visible_GT,0
I_OC_02,0.01,8,,1,no_visible_GT,0
I_OC_02,0.01,9,,1,no_visible_GT,0
I_OC_02,0.01,10,,1,no_visible_GT,0
I_OC_02,0.01,11,,1,no_visible_GT,0
I_OC_02,0.01,12,,1,no_visible_GT,0
I_OC_02,0.01,13,,1,no_visible_GT,0
I_OC_02,0.01,14,,1,no_visible_GT,0
I_OC_02,0.01,15,,1,no_visible_GT,0
I_OC_02,0.01,16,,1,no_visible_GT,0
I_OC_02,0.01,17,,1,no_visible_GT,0
I_OC_02,0.01,18,,1,no_visible_GT,0
I_OC_02,0.01,19,,1,no_visible_GT,0
I_OC_02,0.01,20,,1,no_visible_GT,0
I_OC_02,0.01,21,,1,no_visible_GT,0
I_OC_02,0.01,22,,1,no_visible_GT,0
I_OC_02,0.01,23,,1,no_visible_GT,0
I_OC_02,0.01,24,,1,no_visible_GT,0
I_OC_02,0.01,25,,1,no_visible_GT,0
I_OC_02,0.01,26,,1,no_visible_GT,0
I_OC_02,0.01,27,,1,no_visible_GT,0
I_OC_02,0.01,28,,1,no_visible_GT,0
I_OC_02,0.01,29,,1,no_visible_GT,0
I_OC_02,0.01,30,,1,no_visible_GT,0
I_OC_02,0.01,31,,1,no_visible_GT,0
I_OC_02,0.01,32,,1,no_visible_GT,0
I_OC_02,0.01,33,,1,no_visible_GT,0
I_OC_02,0.01,34,,1,no_visible_GT,0
I_OC_02,0.01,35,,1,no_visible_GT,0
I_OC_02,0.01,36,,1,no_visible_GT,0
I_OC_02,0.01,37,,1,no_visible_GT,0
I_OC_02,0.01,38,,1,no_visible_GT,0
I_OC_02,0.01,39,,1,no_visible_GT,0
I_OC_02,0.01,40,,1,no_visible_GT,0
I_OC_02,0.01,41,,1,no_visible_GT,0
I_OC_02,0.01,42,,1,no_visible_GT,0
I_OC_02,0.01,43,,1,no_visible_GT,0
I_OC_02,0.01,44,,1,no_visible_GT,0
I_OC_02,0.01,45,,1,no_visible_GT,0
I_OC_02,0.01,46,,1,no_visible_GT,0
I_OC_02,0.01,47,,1,no_visible_GT,0
I_OC_02,0.01,48,,1,no_visible_GT,0
I_OC_02,0.01,49,,1,no_visible_GT,0
I_OC_02,0.01,50,,1,no_visible_GT,0
I_OC_02,0.01,51,,1,no_visible_GT,0
I_OC_02,0.01,52,,1,no_visible_GT,0
I_OC_02,0.01,53,,1,no_visible_GT,0
I_OC_02,0.01,54,,1,no_visible_GT,0
I_OC_02,0.01,55,,1,no_visible_GT,0
I_OC_02,0.01,56,,1,no_visible_GT,0
I_OC_02,0.01,57,,1,no_visible_GT,0
I_OC_02,0.01,58,,1,no_visible_GT,0
I_OC_02,0.01,59,,1,no_visible_GT,0
I_OC_02,0.01,60,,1,no_visible_GT,0
I_OC_02,0.01,61,,1,no_visible_GT,0
I_OC_02,0.01,62,,1,no_visible_GT,0
I_OC_02,0.01,63,,1,no_visible_GT,0
I_OC_02,0.01,64,,1,no_visible_GT,0
I_OC_02,0.01,65,,1,no_visible_GT,0
I_OC_02,0.01,66,,1,no_visible_GT,0
I_OC_02,0.01,67,,1,no_visible_GT,0
I_OC_02,0.01,68,,1,no_visible_GT,0
I_OC_02,0.01,69,,1,no_visible_GT,0
I_OC_02,0.01,70,,1,no_visible_GT,0
I_OC_02,0.01,71,,1,no_visible_GT,0
I_OC_02,0.01,72,,1,no_visible_GT,0
I_OC_02,0.01,73,,1,no_visible_GT,0
I_OC_02,0.01,74,,1,no_visible_GT,0
I_OC_02,0.01,75,,1,no_visible_GT,0
I_OC_02,0.01,76,,1,no_visible_GT,0
I_OC_02,0.01,77,,1,no_visible_GT,0
I_OC_02,0.01,78,,1,no_visible_GT,0
I_OC_02,0.01,79,,1,no_visible_GT,0
I_OC_02,0.01,80,,1,no_visible_GT,0
I_OC_02,0.01,81,,1,no_visible_GT,0
I_OC_02,0.01,82,,1,no_visible_GT,0
I_OC_02,0.01,83,,1,no_visible_GT,0
I_OC_02,0.01,84,,1,no_visible_GT,0
I_OC_02,0.01,85,1,0,visible,39
I_OC_02,0.01,86,1,0,visible,537
I_OC_02,0.01,87,1,0,visible,1426
I_OC_02,0.01,88,1,0,visible,3112
I_OC_02,0.01,89,1,0,visible,5131
I_OC_02,0.01,90,1,0,visible,7134
I_OC_02,0.01,91,2,0,visible,9620
I_OC_02,0.01,92,2,0,visible,11247
I_OC_02,0.01,93,2,0,visible,12781
I_OC_02,0.01,94,2,0,visible,13973
I_OC_02,0.01,95,2,0,visible,15060
I_OC_02,0.01,96,2,0,visible,15192
I_OC_02,0.01,97,2,0,visible,14865
I_OC_02,0.01,98,2,0,visible,14345
I_OC_02,0.01,99,2,0,visible,13993
I_OC_02,0.01,100,2,0,visible,13430
I_OC_02,0.01,101,2,0,visible,12959
I_OC_02,0.01,102,2,0,visible,13258
I_OC_02,0.01,103,2,0,visible,13480
I_OC_02,0.01,104,2,0,visible,13711
I_OC_02,0.01,105,2,0,visible,13397
I_OC_02,0.01,106,2,0,visible,13330
I_OC_02,0.01,107,2,0,visible,13106
I_OC_02,0.01,108,2,0,visible,12860
I_OC_02,0.01,109,2,0,visible,12657
I_OC_02,0.01,110,2,0,visible,11956
I_OC_02,0.01,111,2,0,visible,11355
I_OC_02,0.01,112,2,0,visible,11234
I_OC_02,0.01,113,2,0,visible,11727
I_OC_02,0.01,114,2,0,visible,12029
I_OC_02,0.01,115,2,0,visible,12534
I_OC_02,0.01,116,2,0,visible,13120
I_OC_02,0.01,117,2,0,visible,13259
I_OC_02,0.01,118,2,0,visible,13383
I_OC_02,0.01,119,19,0,visible,13267
I_OC_02,0.01,120,19,0,visible,13287
I_OC_02,0.01,121,19,0,visible,13469
I_OC_02,0.01,122,19,0,visible,13092
I_OC_02,0.01,123,19,0,visible,13123
I_OC_02,0.01,124,19,0,visible,12518
I_OC_02,0.01,125,19,0,visible,11784
I_OC_02,0.01,126,19,0,visible,11962
I_OC_02,0.01,127,19,0,visible,12148
I_OC_02,0.01,128,19,0,visible,11642
I_OC_02,0.01,129,19,0,visible,11145
I_OC_02,0.01,130,19,0,visible,9810
I_OC_02,0.01,131,19,0,visible,8371
I_OC_02,0.01,132,19,0,visible,7049
I_OC_02,0.01,133,19,0,visible,5569
I_OC_02,0.01,134,19,0,visible,4057
I_OC_02,0.01,135,19,0,visible,2404
I_OC_02,0.01,136,21,0,visible,753
I_OC_02,0.01,137,21,0,visible,142
I_OC_02,0.01,138,,1,no_visible_GT,0
I_OC_02,0.01,139,,1,no_visible_GT,0
I_OC_02,0.01,140,,1,no_visible_GT,0
I_OC_02,0.01,141,,1,no_visible_GT,0
I_OC_02,0.01,142,,1,no_visible_GT,0
I_OC_02,0.01,143,,1,no_visible_GT,0
I_OC_02,0.01,144,,1,no_visible_GT,0
I_OC_02,0.01,145,,1,no_visible_GT,0
I_OC_02,0.01,146,,1,no_visible_GT,0
I_OC_02,0.01,147,,1,no_visible_GT,0
I_OC_02,0.01,148,,1,no_visible_GT,0
I_OC_02,0.01,149,,1,no_visible_GT,0
I_OC_02,0.01,150,,1,no_visible_GT,0
I_OC_02,0.01,151,,1,no_visible_GT,0
I_OC_02,0.01,152,,1,no_visible_GT,0
I_OC_02,0.01,153,,1,no_visible_GT,0
I_OC_02,0.01,154,,1,no_visible_GT,0
I_OC_02,0.01,155,,1,no_visible_GT,0
I_OC_02,0.01,156,,1,no_visible_GT,0
I_OC_02,0.01,157,,1,no_visible_GT,0
I_OC_02,0.01,158,,1,no_visible_GT,0
I_OC_02,0.01,159,,1,no_visible_GT,0
I_OC_02,0.01,160,,0,visible,41
I_OC_02,0.01,161,22,0,visible,82
I_OC_02,0.01,162,22,0,visible,147
I_OC_02,0.01,163,22,0,visible,195
I_OC_02,0.01,164,22,0,visible,402
I_OC_02,0.01,165,22,0,visible,805
I_OC_02,0.01,166,22,0,visible,1426
I_OC_02,0.01,167,22,0,visible,2237
I_OC_02,0.01,168,22,0,visible,3024
I_OC_02,0.01,169,22,0,visible,3859
I_OC_02,0.01,170,22,0,visible,4305
I_OC_02,0.01,171,22,0,visible,4865
I_OC_02,0.01,172,22,0,visible,5387
I_OC_02,0.01,173,22,0,visible,5731
I_OC_02,0.01,174,22,0,visible,5959
I_OC_02,0.01,175,22,0,visible,6031
I_OC_02,0.01,176,22,0,visible,6158
I_OC_02,0.01,177,22,0,visible,6198
I_OC_02,0.01,178,22,0,visible,6172
I_OC_02,0.01,179,22,0,visible,6018
I_OC_02,0.01,180,22,0,visible,5860
I_OC_02,0.01,181,22,0,visible,5310
I_OC_02,0.01,182,22,0,visible,5351
I_OC_02,0.01,183,22,0,visible,5650
I_OC_02,0.01,184,22,0,visible,5656
I_OC_02,0.01,185,22,0,visible,5577
I_OC_02,0.01,186,22,0,visible,5650
I_OC_02,0.01,187,22,0,visible,5619
I_OC_02,0.01,188,22,0,visible,5249
I_OC_02,0.01,189,22,0,visible,5084
I_OC_02,0.01,190,22,0,visible,4913
I_OC_02,0.01,191,22,0,visible,4464
I_OC_02,0.01,192,22,0,visible,3988
I_OC_02,0.01,193,22,0,visible,3564
I_OC_02,0.01,194,22,0,visible,3032
I_OC_02,0.01,195,22,0,visible,2848
I_OC_02,0.01,196,22,0,visible,2973
I_OC_02,0.01,197,22,0,visible,3029
I_OC_02,0.01,198,22,0,visible,2941
I_OC_02,0.01,199,22,0,visible,2829
I_OC_02,0.01,200,22,0,visible,2736
I_OC_02,0.01,201,22,0,visible,2727
I_OC_02,0.01,202,22,0,visible,2939
I_OC_02,0.01,203,26,0,visible,2981
I_OC_02,0.01,204,30,0,visible,2999
I_OC_02,0.01,205,30,0,visible,2996
I_OC_02,0.01,206,30,0,visible,2890
I_OC_02,0.01,207,30,0,visible,2916
I_OC_02,0.01,208,30,0,visible,2739
I_OC_02,0.01,209,30,0,visible,2921
I_OC_02,0.01,210,30,0,visible,2942
I_OC_02,0.01,211,30,0,visible,2930
I_OC_02,0.01,212,30,0,visible,2902
I_OC_02,0.01,213,30,0,visible,2804
I_OC_02,0.01,214,30,0,visible,2769
I_OC_02,0.01,215,30,0,visible,2623
I_OC_02,0.01,216,28,0,visible,2548
I_OC_02,0.01,217,30,0,visible,2334
I_OC_02,0.01,218,30,0,visible,2175
I_OC_02,0.01,219,30,0,visible,2216
I_OC_02,0.01,220,30,0,visible,2232
I_OC_02,0.01,221,30,0,visible,2156
I_OC_02,0.01,222,30,0,visible,2136
I_OC_02,0.01,223,32,0,visible,2108
I_OC_02,0.01,224,32,0,visible,2138
I_OC_02,0.01,225,32,0,visible,2133
I_OC_02,0.01,226,32,0,visible,2108
I_OC_02,0.01,227,32,0,visible,1968
I_OC_02,0.01,228,32,0,visible,1770
I_OC_02,0.01,229,32,0,visible,1425
I_OC_02,0.01,230,32,0,visible,1126
I_OC_02,0.01,231,32,0,visible,928
I_OC_02,0.01,232,32,0,visible,882
I_OC_02,0.01,233,32,0,visible,920
I_OC_02,0.01,234,32,0,visible,907
I_OC_02,0.01,235,32,0,visible,1013
I_OC_02,0.01,236,32,0,visible,1091
I_OC_02,0.01,237,32,0,visible,1201
I_OC_02,0.01,238,32,0,visible,1253
I_OC_02,0.01,239,32,0,visible,1219
I_OC_02,0.01,240,32,0,visible,1181
I_OC_02,0.01,241,32,0,visible,1143
I_OC_02,0.01,242,32,0,visible,1099
I_OC_02,0.01,243,34,0,visible,991
I_OC_02,0.01,244,32,0,visible,863
I_OC_02,0.01,245,32,0,visible,715
I_OC_02,0.01,246,32,0,visible,605
I_OC_02,0.01,247,32,0,visible,459
I_OC_02,0.01,248,32,0,visible,336
I_OC_02,0.01,249,,0,visible,225
I_OC_02,0.01,250,,0,visible,129
I_OC_02,0.1,1,,1,no_visible_GT,0
I_OC_02,0.1,2,,1,no_visible_GT,0
I_OC_02,0.1,3,,1,no_visible_GT,0
I_OC_02,0.1,4,,1,no_visible_GT,0
I_OC_02,0.1,5,,1,no_visible_GT,0
I_OC_02,0.1,6,,1,no_visible_GT,0
I_OC_02,0.1,7,,1,no_visible_GT,0
I_OC_02,0.1,8,,1,no_visible_GT,0
I_OC_02,0.1,9,,1,no_visible_GT,0
I_OC_02,0.1,10,,1,no_visible_GT,0
I_OC_02,0.1,11,,1,no_visible_GT,0
I_OC_02,0.1,12,,1,no_visible_GT,0
I_OC_02,0.1,13,,1,no_visible_GT,0
I_OC_02,0.1,14,,1,no_visible_GT,0
I_OC_02,0.1,15,,1,no_visible_GT,0
I_OC_02,0.1,16,,1,no_visible_GT,0
I_OC_02,0.1,17,,1,no_visible_GT,0
I_OC_02,0.1,18,,1,no_visible_GT,0
I_OC_02,0.1,19,,1,no_visible_GT,0
I_OC_02,0.1,20,,1,no_visible_GT,0
I_OC_02,0.1,21,,1,no_visible_GT,0
I_OC_02,0.1,22,,1,no_visible_GT,0
I_OC_02,0.1,23,,1,no_visible_GT,0
I_OC_02,0.1,24,,1,no_visible_GT,0
I_OC_02,0.1,25,,1,no_visible_GT,0
I_OC_02,0.1,26,,1,no_visible_GT,0
I_OC_02,0.1,27,,1,no_visible_GT,0
I_OC_02,0.1,28,,1,no_visible_GT,0
I_OC_02,0.1,29,,1,no_visible_GT,0
I_OC_02,0.1,30,,1,no_visible_GT,0
I_OC_02,0.1,31,,1,no_visible_GT,0
I_OC_02,0.1,32,,1,no_visible_GT,0
I_OC_02,0.1,33,,1,no_visible_GT,0
I_OC_02,0.1,34,,1,no_visible_GT,0
I_OC_02,0.1,35,,1,no_visible_GT,0
I_OC_02,0.1,36,,1,no_visible_GT,0
I_OC_02,0.1,37,,1,no_visible_GT,0
I_OC_02,0.1,38,,1,no_visible_GT,0
I_OC_02,0.1,39,,1,no_visible_GT,0
I_OC_02,0.1,40,,1,no_visible_GT,0
I_OC_02,0.1,41,,1,no_visible_GT,0
I_OC_02,0.1,42,,1,no_visible_GT,0
I_OC_02,0.1,43,,1,no_visible_GT,0
I_OC_02,0.1,44,,1,no_visible_GT,0
I_OC_02,0.1,45,,1,no_visible_GT,0
I_OC_02,0.1,46,,1,no_visible_GT,0
I_OC_02,0.1,47,,1,no_visible_GT,0
I_OC_02,0.1,48,,1,no_visible_GT,0
I_OC_02,0.1,49,,1,no_visible_GT,0
I_OC_02,0.1,50,,1,no_visible_GT,0
I_OC_02,0.1,51,,1,no_visible_GT,0
I_OC_02,0.1,52,,1,no_visible_GT,0
I_OC_02,0.1,53,,1,no_visible_GT,0
I_OC_02,0.1,54,,1,no_visible_GT,0
I_OC_02,0.1,55,,1,no_visible_GT,0
I_OC_02,0.1,56,,1,no_visible_GT,0
I_OC_02,0.1,57,,1,no_visible_GT,0
I_OC_02,0.1,58,,1,no_visible_GT,0
I_OC_02,0.1,59,,1,no_visible_GT,0
I_OC_02,0.1,60,,1,no_visible_GT,0
I_OC_02,0.1,61,,1,no_visible_GT,0
I_OC_02,0.1,62,,1,no_visible_GT,0
I_OC_02,0.1,63,,1,no_visible_GT,0
I_OC_02,0.1,64,,1,no_visible_GT,0
I_OC_02,0.1,65,,1,no_visible_GT,0
I_OC_02,0.1,66,,1,no_visible_GT,0
I_OC_02,0.1,67,,1,no_visible_GT,0
I_OC_02,0.1,68,,1,no_visible_GT,0
I_OC_02,0.1,69,,1,no_visible_GT,0
I_OC_02,0.1,70,,1,no_visible_GT,0
I_OC_02,0.1,71,,1,no_visible_GT,0
I_OC_02,0.1,72,,1,no_visible_GT,0
I_OC_02,0.1,73,,1,no_visible_GT,0
I_OC_02,0.1,74,,1,no_visible_GT,0
I_OC_02,0.1,75,,1,no_visible_GT,0
I_OC_02,0.1,76,,1,no_visible_GT,0
I_OC_02,0.1,77,,1,no_visible_GT,0
I_OC_02,0.1,78,,1,no_visible_GT,0
I_OC_02,0.1,79,,1,no_visible_GT,0
I_OC_02,0.1,80,,1,no_visible_GT,0
I_OC_02,0.1,81,,1,no_visible_GT,0
I_OC_02,0.1,82,,1,no_visible_GT,0
I_OC_02,0.1,83,,1,no_visible_GT,0
I_OC_02,0.1,84,,1,no_visible_GT,0
I_OC_02,0.1,85,,0,visible,39
I_OC_02,0.1,86,,0,visible,537
I_OC_02,0.1,87,,0,visible,1426
I_OC_02,0.1,88,,0,visible,3112
I_OC_02,0.1,89,,0,visible,5131
I_OC_02,0.1,90,,0,visible,7134
I_OC_02,0.1,91,,0,visible,9620
I_OC_02,0.1,92,,0,visible,11247
I_OC_02,0.1,93,,0,visible,12781
I_OC_02,0.1,94,,0,visible,13973
I_OC_02,0.1,95,,0,visible,15060
I_OC_02,0.1,96,,0,visible,15192
I_OC_02,0.1,97,,0,visible,14865
I_OC_02,0.1,98,,0,visible,14345
I_OC_02,0.1,99,,0,visible,13993
I_OC_02,0.1,100,,0,visible,13430
I_OC_02,0.1,101,,0,visible,12959
I_OC_02,0.1,102,,0,visible,13258
I_OC_02,0.1,103,,0,visible,13480
I_OC_02,0.1,104,,0,visible,13711
I_OC_02,0.1,105,,0,visible,13397
I_OC_02,0.1,106,,0,visible,13330
I_OC_02,0.1,107,,0,visible,13106
I_OC_02,0.1,108,,0,visible,12860
I_OC_02,0.1,109,,0,visible,12657
I_OC_02,0.1,110,,0,visible,11956
I_OC_02,0.1,111,,0,visible,11355
I_OC_02,0.1,112,,0,visible,11234
I_OC_02,0.1,113,,0,visible,11727
I_OC_02,0.1,114,,0,visible,12029
I_OC_02,0.1,115,,0,visible,12534
I_OC_02,0.1,116,,0,visible,13120
I_OC_02,0.1,117,,0,visible,13259
I_OC_02,0.1,118,,0,visible,13383
I_OC_02,0.1,119,,0,visible,13267
I_OC_02,0.1,120,,0,visible,13287
I_OC_02,0.1,121,,0,visible,13469
I_OC_02,0.1,122,,0,visible,13092
I_OC_02,0.1,123,,0,visible,13123
I_OC_02,0.1,124,,0,visible,12518
I_OC_02,0.1,125,,0,visible,11784
I_OC_02,0.1,126,,0,visible,11962
I_OC_02,0.1,127,,0,visible,12148
I_OC_02,0.1,128,,0,visible,11642
I_OC_02,0.1,129,,0,visible,11145
I_OC_02,0.1,130,,0,visible,9810
I_OC_02,0.1,131,,0,visible,8371
I_OC_02,0.1,132,,0,visible,7049
I_OC_02,0.1,133,,0,visible,5569
I_OC_02,0.1,134,,0,visible,4057
I_OC_02,0.1,135,,0,visible,2404
I_OC_02,0.1,136,,0,visible,753
I_OC_02,0.1,137,,0,visible,142
I_OC_02,0.1,138,,1,no_visible_GT,0
I_OC_02,0.1,139,,1,no_visible_GT,0
I_OC_02,0.1,140,,1,no_visible_GT,0
I_OC_02,0.1,141,,1,no_visible_GT,0
I_OC_02,0.1,142,,1,no_visible_GT,0
I_OC_02,0.1,143,,1,no_visible_GT,0
I_OC_02,0.1,144,,1,no_visible_GT,0
I_OC_02,0.1,145,,1,no_visible_GT,0
I_OC_02,0.1,146,,1,no_visible_GT,0
I_OC_02,0.1,147,,1,no_visible_GT,0
I_OC_02,0.1,148,,1,no_visible_GT,0
I_OC_02,0.1,149,,1,no_visible_GT,0
I_OC_02,0.1,150,,1,no_visible_GT,0
I_OC_02,0.1,151,,1,no_visible_GT,0
I_OC_02,0.1,152,,1,no_visible_GT,0
I_OC_02,0.1,153,,1,no_visible_GT,0
I_OC_02,0.1,154,,1,no_visible_GT,0
I_OC_02,0.1,155,,1,no_visible_GT,0
I_OC_02,0.1,156,,1,no_visible_GT,0
I_OC_02,0.1,157,,1,no_visible_GT,0
I_OC_02,0.1,158,,1,no_visible_GT,0
I_OC_02,0.1,159,,1,no_visible_GT,0
I_OC_02,0.1,160,,0,visible,41
I_OC_02,0.1,161,,0,visible,82
I_OC_02,0.1,162,,0,visible,147
I_OC_02,0.1,163,,0,visible,195
I_OC_02,0.1,164,,0,visible,402
I_OC_02,0.1,165,,0,visible,805
I_OC_02,0.1,166,,0,visible,1426
I_OC_02,0.1,167,,0,visible,2237
I_OC_02,0.1,168,,0,visible,3024
I_OC_02,0.1,169,,0,visible,3859
I_OC_02,0.1,170,,0,visible,4305
I_OC_02,0.1,171,,0,visible,4865
I_OC_02,0.1,172,,0,visible,5387
I_OC_02,0.1,173,,0,visible,5731
I_OC_02,0.1,174,,0,visible,5959
I_OC_02,0.1,175,,0,visible,6031
I_OC_02,0.1,176,,0,visible,6158
I_OC_02,0.1,177,,0,visible,6198
I_OC_02,0.1,178,,0,visible,6172
I_OC_02,0.1,179,,0,visible,6018
I_OC_02,0.1,180,,0,visible,5860
I_OC_02,0.1,181,,0,visible,5310
I_OC_02,0.1,182,,0,visible,5351
I_OC_02,0.1,183,,0,visible,5650
I_OC_02,0.1,184,,0,visible,5656
I_OC_02,0.1,185,,0,visible,5577
I_OC_02,0.1,186,,0,visible,5650
I_OC_02,0.1,187,,0,visible,5619
I_OC_02,0.1,188,,0,visible,5249
I_OC_02,0.1,189,,0,visible,5084
I_OC_02,0.1,190,,0,visible,4913
I_OC_02,0.1,191,,0,visible,4464
I_OC_02,0.1,192,,0,visible,3988
I_OC_02,0.1,193,,0,visible,3564
I_OC_02,0.1,194,,0,visible,3032
I_OC_02,0.1,195,,0,visible,2848
I_OC_02,0.1,196,,0,visible,2973
I_OC_02,0.1,197,,0,visible,3029
I_OC_02,0.1,198,,0,visible,2941
I_OC_02,0.1,199,,0,visible,2829
I_OC_02,0.1,200,,0,visible,2736
I_OC_02,0.1,201,,0,visible,2727
I_OC_02,0.1,202,,0,visible,2939
I_OC_02,0.1,203,,0,visible,2981
I_OC_02,0.1,204,,0,visible,2999
I_OC_02,0.1,205,,0,visible,2996
I_OC_02,0.1,206,,0,visible,2890
I_OC_02,0.1,207,,0,visible,2916
I_OC_02,0.1,208,,0,visible,2739
I_OC_02,0.1,209,,0,visible,2921
I_OC_02,0.1,210,,0,visible,2942
I_OC_02,0.1,211,,0,visible,2930
I_OC_02,0.1,212,,0,visible,2902
I_OC_02,0.1,213,,0,visible,2804
I_OC_02,0.1,214,,0,visible,2769
I_OC_02,0.1,215,,0,visible,2623
I_OC_02,0.1,216,,0,visible,2548
I_OC_02,0.1,217,,0,visible,2334
I_OC_02,0.1,218,,0,visible,2175
I_OC_02,0.1,219,,0,visible,2216
I_OC_02,0.1,220,,0,visible,2232
I_OC_02,0.1,221,,0,visible,2156
I_OC_02,0.1,222,,0,visible,2136
I_OC_02,0.1,223,,0,visible,2108
I_OC_02,0.1,224,,0,visible,2138
I_OC_02,0.1,225,,0,visible,2133
I_OC_02,0.1,226,,0,visible,2108
I_OC_02,0.1,227,,0,visible,1968
I_OC_02,0.1,228,,0,visible,1770
I_OC_02,0.1,229,,0,visible,1425
I_OC_02,0.1,230,,0,visible,1126
I_OC_02,0.1,231,,0,visible,928
I_OC_02,0.1,232,,0,visible,882
I_OC_02,0.1,233,,0,visible,920
I_OC_02,0.1,234,,0,visible,907
I_OC_02,0.1,235,,0,visible,1013
I_OC_02,0.1,236,,0,visible,1091
I_OC_02,0.1,237,,0,visible,1201
I_OC_02,0.1,238,,0,visible,1253
I_OC_02,0.1,239,,0,visible,1219
I_OC_02,0.1,240,,0,visible,1181
I_OC_02,0.1,241,,0,visible,1143
I_OC_02,0.1,242,,0,visible,1099
I_OC_02,0.1,243,,0,visible,991
I_OC_02,0.1,244,,0,visible,863
I_OC_02,0.1,245,,0,visible,715
I_OC_02,0.1,246,,0,visible,605
I_OC_02,0.1,247,,0,visible,459
I_OC_02,0.1,248,,0,visible,336
I_OC_02,0.1,249,,0,visible,225
I_OC_02,0.1,250,,0,visible,129
I_CA_01,0.001,1,,1,no_visible_GT,0
I_CA_01,0.001,2,,1,no_visible_GT,0
I_CA_01,0.001,3,,1,no_visible_GT,0
I_CA_01,0.001,4,,1,no_visible_GT,0
I_CA_01,0.001,5,,1,no_visible_GT,0
I_CA_01,0.001,6,,1,no_visible_GT,0
I_CA_01,0.001,7,,1,no_visible_GT,0
I_CA_01,0.001,8,,1,no_visible_GT,0
I_CA_01,0.001,9,,1,no_visible_GT,0
I_CA_01,0.001,10,,1,no_visible_GT,0
I_CA_01,0.001,11,,1,no_visible_GT,0
I_CA_01,0.001,12,,1,no_visible_GT,0
I_CA_01,0.001,13,,1,no_visible_GT,0
I_CA_01,0.001,14,,1,no_visible_GT,0
I_CA_01,0.001,15,,1,no_visible_GT,0
I_CA_01,0.001,16,,1,no_visible_GT,0
I_CA_01,0.001,17,,1,no_visible_GT,0
I_CA_01,0.001,18,,1,no_visible_GT,0
I_CA_01,0.001,19,,1,no_visible_GT,0
I_CA_01,0.001,20,,1,no_visible_GT,0
I_CA_01,0.001,21,,1,no_visible_GT,0
I_CA_01,0.001,22,,1,no_visible_GT,0
I_CA_01,0.001,23,,1,no_visible_GT,0
I_CA_01,0.001,24,,1,no_visible_GT,0
I_CA_01,0.001,25,,1,no_visible_GT,0
I_CA_01,0.001,26,,1,no_visible_GT,0
I_CA_01,0.001,27,,1,no_visible_GT,0
I_CA_01,0.001,28,,1,no_visible_GT,0
I_CA_01,0.001,29,,1,no_visible_GT,0
I_CA_01,0.001,30,,1,no_visible_GT,0
I_CA_01,0.001,31,,1,no_visible_GT,0
I_CA_01,0.001,32,,1,no_visible_GT,0
I_CA_01,0.001,33,,1,no_visible_GT,0
I_CA_01,0.001,34,,1,no_visible_GT,0
I_CA_01,0.001,35,,1,no_visible_GT,0
I_CA_01,0.001,36,,1,no_visible_GT,0
I_CA_01,0.001,37,,1,no_visible_GT,0
I_CA_01,0.001,38,,1,no_visible_GT,0
I_CA_01,0.001,39,,1,no_visible_GT,0
I_CA_01,0.001,40,,1,no_visible_GT,0
I_CA_01,0.001,41,,1,no_visible_GT,0
I_CA_01,0.001,42,,1,no_visible_GT,0
I_CA_01,0.001,43,,1,no_visible_GT,0
I_CA_01,0.001,44,,1,no_visible_GT,0
I_CA_01,0.001,45,,1,no_visible_GT,0
I_CA_01,0.001,46,,1,no_visible_GT,0
I_CA_01,0.001,47,,1,no_visible_GT,0
I_CA_01,0.001,48,,1,no_visible_GT,0
I_CA_01,0.001,49,,1,no_visible_GT,0
I_CA_01,0.001,50,,1,no_visible_GT,0
I_CA_01,0.001,51,,1,no_visible_GT,0
I_CA_01,0.001,52,,1,no_visible_GT,0
I_CA_01,0.001,53,,1,no_visible_GT,0
I_CA_01,0.001,54,,1,no_visible_GT,0
I_CA_01,0.001,55,,1,no_visible_GT,0
I_CA_01,0.001,56,,1,no_visible_GT,0
I_CA_01,0.001,57,,1,no_visible_GT,0
I_CA_01,0.001,58,,1,no_visible_GT,0
I_CA_01,0.001,59,,1,no_visible_GT,0
I_CA_01,0.001,60,,1,no_visible_GT,0
I_CA_01,0.001,61,,1,no_visible_GT,0
I_CA_01,0.001,62,,1,no_visible_GT,0
I_CA_01,0.001,63,,1,no_visible_GT,0
I_CA_01,0.001,64,,1,no_visible_GT,0
I_CA_01,0.001,65,,1,no_visible_GT,0
I_CA_01,0.001,66,,1,no_visible_GT,0
I_CA_01,0.001,67,,1,no_visible_GT,0
I_CA_01,0.001,68,,1,no_visible_GT,0
I_CA_01,0.001,69,,1,no_visible_GT,0
I_CA_01,0.001,70,,1,no_visible_GT,0
I_CA_01,0.001,71,,1,no_visible_GT,0
I_CA_01,0.001,72,,1,no_visible_GT,0
I_CA_01,0.001,73,,1,no_visible_GT,0
I_CA_01,0.001,74,,1,no_visible_GT,0
I_CA_01,0.001,75,,1,no_visible_GT,0
I_CA_01,0.001,76,,1,no_visible_GT,0
I_CA_01,0.001,77,,1,no_visible_GT,0
I_CA_01,0.001,78,,1,no_visible_GT,0
I_CA_01,0.001,79,,1,no_visible_GT,0
I_CA_01,0.001,80,,1,no_visible_GT,0
I_CA_01,0.001,81,,1,no_visible_GT,0
I_CA_01,0.001,82,,1,no_visible_GT,0
I_CA_01,0.001,83,,0,visible,5
I_CA_01,0.001,84,3,0,visible,102
I_CA_01,0.001,85,3,0,visible,486
I_CA_01,0.001,86,3,0,visible,1226
I_CA_01,0.001,87,3,0,visible,2082
I_CA_01,0.001,88,3,0,visible,2735
I_CA_01,0.001,89,3,0,visible,3271
I_CA_01,0.001,90,3,0,visible,3872
I_CA_01,0.001,91,3,0,visible,4473
I_CA_01,0.001,92,3,0,visible,5100
I_CA_01,0.001,93,3,0,visible,5714
I_CA_01,0.001,94,3,0,visible,6352
I_CA_01,0.001,95,3,0,visible,6917
I_CA_01,0.001,96,3,0,visible,7600
I_CA_01,0.001,97,3,0,visible,8352
I_CA_01,0.001,98,3,0,visible,9169
I_CA_01,0.001,99,3,0,visible,9563
I_CA_01,0.001,100,3,0,visible,9896
I_CA_01,0.001,101,3,0,visible,9870
I_CA_01,0.001,102,3,0,visible,9907
I_CA_01,0.001,103,3,0,visible,9766
I_CA_01,0.001,104,3,0,visible,9668
I_CA_01,0.001,105,3,0,visible,9216
I_CA_01,0.001,106,3,0,visible,8896
I_CA_01,0.001,107,3,0,visible,9315
I_CA_01,0.001,108,3,0,visible,9646
I_CA_01,0.001,109,3,0,visible,9770
I_CA_01,0.001,110,3,0,visible,9809
I_CA_01,0.001,111,3,0,visible,9793
I_CA_01,0.001,112,3,0,visible,9791
I_CA_01,0.001,113,3,0,visible,9814
I_CA_01,0.001,114,3,0,visible,9756
I_CA_01,0.001,115,3,0,visible,9703
I_CA_01,0.001,116,3,0,visible,9692
I_CA_01,0.001,117,3,0,visible,9576
I_CA_01,0.001,118,3,0,visible,9487
I_CA_01,0.001,119,3,0,visible,9308
I_CA_01,0.001,120,3,0,visible,9255
I_CA_01,0.001,121,3,0,visible,8993
I_CA_01,0.001,122,3,0,visible,8801
I_CA_01,0.001,123,3,0,visible,8685
I_CA_01,0.001,124,3,0,visible,8739
I_CA_01,0.001,125,3,0,visible,8722
I_CA_01,0.001,126,3,0,visible,8817
I_CA_01,0.001,127,3,0,visible,8742
I_CA_01,0.001,128,3,0,visible,8950
I_CA_01,0.001,129,3,0,visible,9137
I_CA_01,0.001,130,3,0,visible,9326
I_CA_01,0.001,131,3,0,visible,9389
I_CA_01,0.001,132,3,0,visible,9359
I_CA_01,0.001,133,3,0,visible,9357
I_CA_01,0.001,134,3,0,visible,9379
I_CA_01,0.001,135,3,0,visible,9394
I_CA_01,0.001,136,3,0,visible,9392
I_CA_01,0.001,137,3,0,visible,9416
I_CA_01,0.001,138,3,0,visible,9380
I_CA_01,0.001,139,3,0,visible,9362
I_CA_01,0.001,140,3,0,visible,9292
I_CA_01,0.001,141,3,0,visible,9261
I_CA_01,0.001,142,3,0,visible,9152
I_CA_01,0.001,143,3,0,visible,9207
I_CA_01,0.001,144,3,0,visible,9135
I_CA_01,0.001,145,3,0,visible,9113
I_CA_01,0.001,146,3,0,visible,9155
I_CA_01,0.001,147,3,0,visible,9103
I_CA_01,0.001,148,3,0,visible,9078
I_CA_01,0.001,149,3,0,visible,8998
I_CA_01,0.001,150,3,0,visible,8850
I_CA_01,0.001,151,3,0,visible,8674
I_CA_01,0.001,152,3,0,visible,8552
I_CA_01,0.001,153,3,0,visible,8467
I_CA_01,0.001,154,3,0,visible,8315
I_CA_01,0.001,155,3,0,visible,8167
I_CA_01,0.001,156,3,0,visible,7936
I_CA_01,0.001,157,3,0,visible,7651
I_CA_01,0.001,158,3,0,visible,7436
I_CA_01,0.001,159,3,0,visible,7358
I_CA_01,0.001,160,3,0,visible,7499
I_CA_01,0.001,161,3,0,visible,7546
I_CA_01,0.001,162,3,0,visible,7547
I_CA_01,0.001,163,3,0,visible,7620
I_CA_01,0.001,164,3,0,visible,7553
I_CA_01,0.001,165,3,0,visible,7520
I_CA_01,0.001,166,3,0,visible,7526
I_CA_01,0.001,167,3,0,visible,7430
I_CA_01,0.001,168,3,0,visible,7420
I_CA_01,0.001,169,3,0,visible,7347
I_CA_01,0.001,170,3,0,visible,7347
I_CA_01,0.001,171,3,0,visible,7341
I_CA_01,0.001,172,3,0,visible,7425
I_CA_01,0.001,173,3,0,visible,7495
I_CA_01,0.001,174,3,0,visible,7524
I_CA_01,0.001,175,3,0,visible,7492
I_CA_01,0.001,176,3,0,visible,7437
I_CA_01,0.001,177,3,0,visible,7502
I_CA_01,0.001,178,3,0,visible,7536
I_CA_01,0.001,179,3,0,visible,7487
I_CA_01,0.001,180,3,0,visible,7466
I_CA_01,0.001,181,3,0,visible,7466
I_CA_01,0.001,182,3,0,visible,7414
I_CA_01,0.001,183,3,0,visible,7283
I_CA_01,0.001,184,3,0,visible,7283
I_CA_01,0.001,185,3,0,visible,7283
I_CA_01,0.001,186,3,0,visible,7270
I_CA_01,0.001,187,3,0,visible,7270
I_CA_01,0.001,188,3,0,visible,7270
I_CA_01,0.001,189,3,0,visible,7294
I_CA_01,0.001,190,3,0,visible,7294
I_CA_01,0.001,191,3,0,visible,7306
I_CA_01,0.001,192,3,0,visible,7306
I_CA_01,0.001,193,3,0,visible,7306
I_CA_01,0.001,194,3,0,visible,7306
I_CA_01,0.001,195,3,0,visible,7306
I_CA_01,0.001,196,3,0,visible,7306
I_CA_01,0.001,197,3,0,visible,7306
I_CA_01,0.001,198,3,0,visible,7306
I_CA_01,0.001,199,3,0,visible,7306
I_CA_01,0.001,200,3,0,stationary_official_XML,7321
I_CA_01,0.001,201,3,0,stationary_official_XML,7321
I_CA_01,0.001,202,3,0,stationary_official_XML,7321
I_CA_01,0.001,203,3,0,stationary_official_XML,7321
I_CA_01,0.001,204,3,0,stationary_official_XML,7321
I_CA_01,0.001,205,3,0,stationary_official_XML,7321
I_CA_01,0.001,206,3,0,stationary_official_XML,7321
I_CA_01,0.001,207,3,0,stationary_official_XML,7321
I_CA_01,0.001,208,3,0,stationary_official_XML,7321
I_CA_01,0.001,209,3,0,stationary_official_XML,7321
I_CA_01,0.001,210,3,0,stationary_official_XML,7321
I_CA_01,0.001,211,3,0,stationary_official_XML,7321
I_CA_01,0.001,212,3,0,stationary_official_XML,7321
I_CA_01,0.001,213,3,0,stationary_official_XML,7321
I_CA_01,0.001,214,3,0,stationary_official_XML,7321
I_CA_01,0.001,215,3,0,stationary_official_XML,7321
I_CA_01,0.001,216,3,0,stationary_official_XML,7321
I_CA_01,0.001,217,3,0,stationary_official_XML,7321
I_CA_01,0.001,218,3,0,stationary_official_XML,7321
I_CA_01,0.001,219,3,0,stationary_official_XML,7321
I_CA_01,0.001,220,3,0,stationary_official_XML,7321
I_CA_01,0.001,221,3,0,stationary_official_XML,7321
I_CA_01,0.001,222,3,0,stationary_official_XML,7321
I_CA_01,0.001,223,3,0,stationary_official_XML,7321
I_CA_01,0.001,224,3,0,stationary_official_XML,7321
I_CA_01,0.001,225,3,0,stationary_official_XML,7321
I_CA_01,0.001,226,3,0,stationary_official_XML,7321
I_CA_01,0.001,227,3,0,stationary_official_XML,7321
I_CA_01,0.001,228,3,0,stationary_official_XML,7321
I_CA_01,0.001,229,3,0,stationary_official_XML,7321
I_CA_01,0.001,230,3,0,stationary_official_XML,7321
I_CA_01,0.001,231,3,0,stationary_official_XML,7321
I_CA_01,0.001,232,3,0,stationary_official_XML,7321
I_CA_01,0.001,233,3,0,stationary_official_XML,7321
I_CA_01,0.001,234,3,0,stationary_official_XML,7321
I_CA_01,0.001,235,3,0,stationary_official_XML,7321
I_CA_01,0.001,236,3,0,stationary_official_XML,7321
I_CA_01,0.001,237,3,0,stationary_official_XML,7321
I_CA_01,0.001,238,3,0,stationary_official_XML,7321
I_CA_01,0.001,239,3,0,stationary_official_XML,7321
I_CA_01,0.001,240,3,0,stationary_official_XML,7321
I_CA_01,0.001,241,3,0,stationary_official_XML,7321
I_CA_01,0.001,242,3,0,stationary_official_XML,7321
I_CA_01,0.001,243,3,0,stationary_official_XML,7321
I_CA_01,0.001,244,3,0,stationary_official_XML,7321
I_CA_01,0.001,245,15,0,stationary_official_XML,7321
I_CA_01,0.001,246,15,0,stationary_official_XML,7321
I_CA_01,0.001,247,15,0,stationary_official_XML,7321
I_CA_01,0.001,248,15,0,stationary_official_XML,7321
I_CA_01,0.001,249,15,0,stationary_official_XML,7321
I_CA_01,0.001,250,15,0,stationary_official_XML,7321
I_CA_01,0.001,251,15,0,stationary_official_XML,7321
I_CA_01,0.001,252,15,0,stationary_official_XML,7321
I_CA_01,0.001,253,15,0,stationary_official_XML,7321
I_CA_01,0.001,254,15,0,stationary_official_XML,7321
I_CA_01,0.001,255,15,0,stationary_official_XML,7321
I_CA_01,0.001,256,15,0,stationary_official_XML,7321
I_CA_01,0.001,257,15,0,stationary_official_XML,7321
I_CA_01,0.001,258,15,0,stationary_official_XML,7321
I_CA_01,0.001,259,15,0,stationary_official_XML,7321
I_CA_01,0.001,260,15,0,stationary_official_XML,7321
I_CA_01,0.001,261,15,0,stationary_official_XML,7321
I_CA_01,0.001,262,15,0,stationary_official_XML,7321
I_CA_01,0.001,263,15,0,stationary_official_XML,7321
I_CA_01,0.001,264,15,0,stationary_official_XML,7321
I_CA_01,0.001,265,15,0,stationary_official_XML,7321
I_CA_01,0.001,266,15,0,stationary_official_XML,7321
I_CA_01,0.001,267,15,0,stationary_official_XML,7321
I_CA_01,0.001,268,15,0,visible,7289
I_CA_01,0.001,269,15,0,visible,7295
I_CA_01,0.001,270,15,0,visible,7451
I_CA_01,0.001,271,15,0,visible,7530
I_CA_01,0.001,272,16,0,visible,7742
I_CA_01,0.001,273,16,0,visible,7903
I_CA_01,0.001,274,16,0,visible,8041
I_CA_01,0.001,275,16,0,visible,8071
I_CA_01,0.001,276,16,0,visible,8158
I_CA_01,0.001,277,15,0,visible,8251
I_CA_01,0.001,278,15,0,visible,8322
I_CA_01,0.001,279,15,0,visible,8334
I_CA_01,0.001,280,18,0,visible,8339
I_CA_01,0.001,281,18,0,visible,8298
I_CA_01,0.001,282,18,0,visible,8255
I_CA_01,0.001,283,18,0,visible,8294
I_CA_01,0.001,284,18,0,visible,8306
I_CA_01,0.001,285,18,0,visible,8301
I_CA_01,0.001,286,18,0,visible,8289
I_CA_01,0.001,287,18,0,visible,8281
I_CA_01,0.001,288,18,0,visible,8190
I_CA_01,0.001,289,18,0,visible,8247
I_CA_01,0.001,290,18,0,visible,8200
I_CA_01,0.001,291,18,0,visible,8213
I_CA_01,0.001,292,18,0,visible,8260
I_CA_01,0.001,293,18,0,visible,8152
I_CA_01,0.001,294,18,0,visible,8155
I_CA_01,0.001,295,18,0,visible,8059
I_CA_01,0.001,296,18,0,visible,8068
I_CA_01,0.001,297,18,0,visible,7760
I_CA_01,0.001,298,18,0,visible,7579
I_CA_01,0.001,299,18,0,visible,7348
I_CA_01,0.001,300,18,0,visible,7334
I_CA_01,0.001,301,18,0,visible,6965
I_CA_01,0.001,302,18,0,visible,6560
I_CA_01,0.001,303,18,0,visible,6726
I_CA_01,0.001,304,18,0,visible,7154
I_CA_01,0.001,305,18,0,visible,7169
I_CA_01,0.001,306,18,0,visible,7254
I_CA_01,0.001,307,18,0,visible,7351
I_CA_01,0.001,308,18,0,visible,7340
I_CA_01,0.001,309,18,0,visible,7271
I_CA_01,0.001,310,18,0,visible,7366
I_CA_01,0.001,311,18,0,visible,7158
I_CA_01,0.001,312,18,0,visible,7127
I_CA_01,0.001,313,18,0,visible,7086
I_CA_01,0.001,314,18,0,visible,7064
I_CA_01,0.001,315,18,0,visible,6852
I_CA_01,0.001,316,18,0,visible,6652
I_CA_01,0.001,317,18,0,visible,6653
I_CA_01,0.001,318,18,0,visible,6397
I_CA_01,0.001,319,18,0,visible,5985
I_CA_01,0.001,320,18,0,visible,5579
I_CA_01,0.001,321,18,0,visible,4960
I_CA_01,0.001,322,18,0,visible,4465
I_CA_01,0.001,323,18,0,visible,3873
I_CA_01,0.001,324,18,0,visible,3346
I_CA_01,0.001,325,18,0,visible,3088
I_CA_01,0.001,326,18,0,visible,2788
I_CA_01,0.001,327,18,0,visible,2466
I_CA_01,0.001,328,18,0,visible,2115
I_CA_01,0.001,329,18,0,visible,1726
I_CA_01,0.001,330,18,0,visible,1353
I_CA_01,0.001,331,21,0,visible,1021
I_CA_01,0.001,332,21,0,visible,777
I_CA_01,0.001,333,21,0,visible,668
I_CA_01,0.001,334,21,0,visible,548
I_CA_01,0.001,335,21,0,visible,418
I_CA_01,0.001,336,21,0,visible,266
I_CA_01,0.001,337,21,0,visible,112
I_CA_01,0.001,338,,0,visible,6
I_CA_01,0.001,339,,1,no_visible_GT,0
I_CA_01,0.001,340,,1,no_visible_GT,0
I_CA_01,0.001,341,,1,no_visible_GT,0
I_CA_01,0.001,342,,1,no_visible_GT,0
I_CA_01,0.001,343,,1,no_visible_GT,0
I_CA_01,0.001,344,,1,no_visible_GT,0
I_CA_01,0.001,345,,1,no_visible_GT,0
I_CA_01,0.001,346,,1,no_visible_GT,0
I_CA_01,0.001,347,,1,no_visible_GT,0
I_CA_01,0.001,348,,1,no_visible_GT,0
I_CA_01,0.001,349,,1,no_visible_GT,0
I_CA_01,0.001,350,,1,no_visible_GT,0
I_CA_01,0.01,1,,1,no_visible_GT,0
I_CA_01,0.01,2,,1,no_visible_GT,0
I_CA_01,0.01,3,,1,no_visible_GT,0
I_CA_01,0.01,4,,1,no_visible_GT,0
I_CA_01,0.01,5,,1,no_visible_GT,0
I_CA_01,0.01,6,,1,no_visible_GT,0
I_CA_01,0.01,7,,1,no_visible_GT,0
I_CA_01,0.01,8,,1,no_visible_GT,0
I_CA_01,0.01,9,,1,no_visible_GT,0
I_CA_01,0.01,10,,1,no_visible_GT,0
I_CA_01,0.01,11,,1,no_visible_GT,0
I_CA_01,0.01,12,,1,no_visible_GT,0
I_CA_01,0.01,13,,1,no_visible_GT,0
I_CA_01,0.01,14,,1,no_visible_GT,0
I_CA_01,0.01,15,,1,no_visible_GT,0
I_CA_01,0.01,16,,1,no_visible_GT,0
I_CA_01,0.01,17,,1,no_visible_GT,0
I_CA_01,0.01,18,,1,no_visible_GT,0
I_CA_01,0.01,19,,1,no_visible_GT,0
I_CA_01,0.01,20,,1,no_visible_GT,0
I_CA_01,0.01,21,,1,no_visible_GT,0
I_CA_01,0.01,22,,1,no_visible_GT,0
I_CA_01,0.01,23,,1,no_visible_GT,0
I_CA_01,0.01,24,,1,no_visible_GT,0
I_CA_01,0.01,25,,1,no_visible_GT,0
I_CA_01,0.01,26,,1,no_visible_GT,0
I_CA_01,0.01,27,,1,no_visible_GT,0
I_CA_01,0.01,28,,1,no_visible_GT,0
I_CA_01,0.01,29,,1,no_visible_GT,0
I_CA_01,0.01,30,,1,no_visible_GT,0
I_CA_01,0.01,31,,1,no_visible_GT,0
I_CA_01,0.01,32,,1,no_visible_GT,0
I_CA_01,0.01,33,,1,no_visible_GT,0
I_CA_01,0.01,34,,1,no_visible_GT,0
I_CA_01,0.01,35,,1,no_visible_GT,0
I_CA_01,0.01,36,,1,no_visible_GT,0
I_CA_01,0.01,37,,1,no_visible_GT,0
I_CA_01,0.01,38,,1,no_visible_GT,0
I_CA_01,0.01,39,,1,no_visible_GT,0
I_CA_01,0.01,40,,1,no_visible_GT,0
I_CA_01,0.01,41,,1,no_visible_GT,0
I_CA_01,0.01,42,,1,no_visible_GT,0
I_CA_01,0.01,43,,1,no_visible_GT,0
I_CA_01,0.01,44,,1,no_visible_GT,0
I_CA_01,0.01,45,,1,no_visible_GT,0
I_CA_01,0.01,46,,1,no_visible_GT,0
I_CA_01,0.01,47,,1,no_visible_GT,0
I_CA_01,0.01,48,,1,no_visible_GT,0
I_CA_01,0.01,49,,1,no_visible_GT,0
I_CA_01,0.01,50,,1,no_visible_GT,0
I_CA_01,0.01,51,,1,no_visible_GT,0
I_CA_01,0.01,52,,1,no_visible_GT,0
I_CA_01,0.01,53,,1,no_visible_GT,0
I_CA_01,0.01,54,,1,no_visible_GT,0
I_CA_01,0.01,55,,1,no_visible_GT,0
I_CA_01,0.01,56,,1,no_visible_GT,0
I_CA_01,0.01,57,,1,no_visible_GT,0
I_CA_01,0.01,58,,1,no_visible_GT,0
I_CA_01,0.01,59,,1,no_visible_GT,0
I_CA_01,0.01,60,,1,no_visible_GT,0
I_CA_01,0.01,61,,1,no_visible_GT,0
I_CA_01,0.01,62,,1,no_visible_GT,0
I_CA_01,0.01,63,,1,no_visible_GT,0
I_CA_01,0.01,64,,1,no_visible_GT,0
I_CA_01,0.01,65,,1,no_visible_GT,0
I_CA_01,0.01,66,,1,no_visible_GT,0
I_CA_01,0.01,67,,1,no_visible_GT,0
I_CA_01,0.01,68,,1,no_visible_GT,0
I_CA_01,0.01,69,,1,no_visible_GT,0
I_CA_01,0.01,70,,1,no_visible_GT,0
I_CA_01,0.01,71,,1,no_visible_GT,0
I_CA_01,0.01,72,,1,no_visible_GT,0
I_CA_01,0.01,73,,1,no_visible_GT,0
I_CA_01,0.01,74,,1,no_visible_GT,0
I_CA_01,0.01,75,,1,no_visible_GT,0
I_CA_01,0.01,76,,1,no_visible_GT,0
I_CA_01,0.01,77,,1,no_visible_GT,0
I_CA_01,0.01,78,,1,no_visible_GT,0
I_CA_01,0.01,79,,1,no_visible_GT,0
I_CA_01,0.01,80,,1,no_visible_GT,0
I_CA_01,0.01,81,,1,no_visible_GT,0
I_CA_01,0.01,82,,1,no_visible_GT,0
I_CA_01,0.01,83,,0,visible,5
I_CA_01,0.01,84,,0,visible,102
I_CA_01,0.01,85,1,0,visible,486
I_CA_01,0.01,86,1,0,visible,1226
I_CA_01,0.01,87,1,0,visible,2082
I_CA_01,0.01,88,1,0,visible,2735
I_CA_01,0.01,89,1,0,visible,3271
I_CA_01,0.01,90,1,0,visible,3872
I_CA_01,0.01,91,1,0,visible,4473
I_CA_01,0.01,92,1,0,visible,5100
I_CA_01,0.01,93,1,0,visible,5714
I_CA_01,0.01,94,1,0,visible,6352
I_CA_01,0.01,95,1,0,visible,6917
I_CA_01,0.01,96,1,0,visible,7600
I_CA_01,0.01,97,1,0,visible,8352
I_CA_01,0.01,98,1,0,visible,9169
I_CA_01,0.01,99,1,0,visible,9563
I_CA_01,0.01,100,1,0,visible,9896
I_CA_01,0.01,101,1,0,visible,9870
I_CA_01,0.01,102,1,0,visible,9907
I_CA_01,0.01,103,1,0,visible,9766
I_CA_01,0.01,104,1,0,visible,9668
I_CA_01,0.01,105,1,0,visible,9216
I_CA_01,0.01,106,1,0,visible,8896
I_CA_01,0.01,107,1,0,visible,9315
I_CA_01,0.01,108,1,0,visible,9646
I_CA_01,0.01,109,1,0,visible,9770
I_CA_01,0.01,110,1,0,visible,9809
I_CA_01,0.01,111,1,0,visible,9793
I_CA_01,0.01,112,1,0,visible,9791
I_CA_01,0.01,113,1,0,visible,9814
I_CA_01,0.01,114,1,0,visible,9756
I_CA_01,0.01,115,1,0,visible,9703
I_CA_01,0.01,116,1,0,visible,9692
I_CA_01,0.01,117,1,0,visible,9576
I_CA_01,0.01,118,1,0,visible,9487
I_CA_01,0.01,119,1,0,visible,9308
I_CA_01,0.01,120,1,0,visible,9255
I_CA_01,0.01,121,1,0,visible,8993
I_CA_01,0.01,122,1,0,visible,8801
I_CA_01,0.01,123,1,0,visible,8685
I_CA_01,0.01,124,1,0,visible,8739
I_CA_01,0.01,125,1,0,visible,8722
I_CA_01,0.01,126,1,0,visible,8817
I_CA_01,0.01,127,1,0,visible,8742
I_CA_01,0.01,128,1,0,visible,8950
I_CA_01,0.01,129,1,0,visible,9137
I_CA_01,0.01,130,1,0,visible,9326
I_CA_01,0.01,131,1,0,visible,9389
I_CA_01,0.01,132,1,0,visible,9359
I_CA_01,0.01,133,1,0,visible,9357
I_CA_01,0.01,134,1,0,visible,9379
I_CA_01,0.01,135,1,0,visible,9394
I_CA_01,0.01,136,1,0,visible,9392
I_CA_01,0.01,137,1,0,visible,9416
I_CA_01,0.01,138,1,0,visible,9380
I_CA_01,0.01,139,1,0,visible,9362
I_CA_01,0.01,140,1,0,visible,9292
I_CA_01,0.01,141,1,0,visible,9261
I_CA_01,0.01,142,1,0,visible,9152
I_CA_01,0.01,143,1,0,visible,9207
I_CA_01,0.01,144,1,0,visible,9135
I_CA_01,0.01,145,1,0,visible,9113
I_CA_01,0.01,146,1,0,visible,9155
I_CA_01,0.01,147,1,0,visible,9103
I_CA_01,0.01,148,1,0,visible,9078
I_CA_01,0.01,149,1,0,visible,8998
I_CA_01,0.01,150,1,0,visible,8850
I_CA_01,0.01,151,1,0,visible,8674
I_CA_01,0.01,152,1,0,visible,8552
I_CA_01,0.01,153,1,0,visible,8467
I_CA_01,0.01,154,1,0,visible,8315
I_CA_01,0.01,155,1,0,visible,8167
I_CA_01,0.01,156,1,0,visible,7936
I_CA_01,0.01,157,1,0,visible,7651
I_CA_01,0.01,158,1,0,visible,7436
I_CA_01,0.01,159,1,0,visible,7358
I_CA_01,0.01,160,1,0,visible,7499
I_CA_01,0.01,161,1,0,visible,7546
I_CA_01,0.01,162,1,0,visible,7547
I_CA_01,0.01,163,1,0,visible,7620
I_CA_01,0.01,164,1,0,visible,7553
I_CA_01,0.01,165,6,0,visible,7520
I_CA_01,0.01,166,6,0,visible,7526
I_CA_01,0.01,167,6,0,visible,7430
I_CA_01,0.01,168,6,0,visible,7420
I_CA_01,0.01,169,6,0,visible,7347
I_CA_01,0.01,170,6,0,visible,7347
I_CA_01,0.01,171,6,0,visible,7341
I_CA_01,0.01,172,6,0,visible,7425
I_CA_01,0.01,173,6,0,visible,7495
I_CA_01,0.01,174,6,0,visible,7524
I_CA_01,0.01,175,6,0,visible,7492
I_CA_01,0.01,176,6,0,visible,7437
I_CA_01,0.01,177,6,0,visible,7502
I_CA_01,0.01,178,6,0,visible,7536
I_CA_01,0.01,179,6,0,visible,7487
I_CA_01,0.01,180,6,0,visible,7466
I_CA_01,0.01,181,6,0,visible,7466
I_CA_01,0.01,182,5,0,visible,7414
I_CA_01,0.01,183,,0,visible,7283
I_CA_01,0.01,184,,0,visible,7283
I_CA_01,0.01,185,,0,visible,7283
I_CA_01,0.01,186,1,0,visible,7270
I_CA_01,0.01,187,,0,visible,7270
I_CA_01,0.01,188,,0,visible,7270
I_CA_01,0.01,189,1,0,visible,7294
I_CA_01,0.01,190,,0,visible,7294
I_CA_01,0.01,191,,0,visible,7306
I_CA_01,0.01,192,,0,visible,7306
I_CA_01,0.01,193,,0,visible,7306
I_CA_01,0.01,194,,0,visible,7306
I_CA_01,0.01,195,,0,visible,7306
I_CA_01,0.01,196,,0,visible,7306
I_CA_01,0.01,197,,0,visible,7306
I_CA_01,0.01,198,,0,visible,7306
I_CA_01,0.01,199,,0,visible,7306
I_CA_01,0.01,200,,0,stationary_official_XML,7321
I_CA_01,0.01,201,,0,stationary_official_XML,7321
I_CA_01,0.01,202,,0,stationary_official_XML,7321
I_CA_01,0.01,203,,0,stationary_official_XML,7321
I_CA_01,0.01,204,,0,stationary_official_XML,7321
I_CA_01,0.01,205,,0,stationary_official_XML,7321
I_CA_01,0.01,206,,0,stationary_official_XML,7321
I_CA_01,0.01,207,,0,stationary_official_XML,7321
I_CA_01,0.01,208,,0,stationary_official_XML,7321
I_CA_01,0.01,209,,0,stationary_official_XML,7321
I_CA_01,0.01,210,,0,stationary_official_XML,7321
I_CA_01,0.01,211,,0,stationary_official_XML,7321
I_CA_01,0.01,212,,0,stationary_official_XML,7321
I_CA_01,0.01,213,,0,stationary_official_XML,7321
I_CA_01,0.01,214,,0,stationary_official_XML,7321
I_CA_01,0.01,215,,0,stationary_official_XML,7321
I_CA_01,0.01,216,,0,stationary_official_XML,7321
I_CA_01,0.01,217,,0,stationary_official_XML,7321
I_CA_01,0.01,218,,0,stationary_official_XML,7321
I_CA_01,0.01,219,,0,stationary_official_XML,7321
I_CA_01,0.01,220,,0,stationary_official_XML,7321
I_CA_01,0.01,221,,0,stationary_official_XML,7321
I_CA_01,0.01,222,,0,stationary_official_XML,7321
I_CA_01,0.01,223,,0,stationary_official_XML,7321
I_CA_01,0.01,224,,0,stationary_official_XML,7321
I_CA_01,0.01,225,,0,stationary_official_XML,7321
I_CA_01,0.01,226,,0,stationary_official_XML,7321
I_CA_01,0.01,227,,0,stationary_official_XML,7321
I_CA_01,0.01,228,,0,stationary_official_XML,7321
I_CA_01,0.01,229,,0,stationary_official_XML,7321
I_CA_01,0.01,230,,0,stationary_official_XML,7321
I_CA_01,0.01,231,,0,stationary_official_XML,7321
I_CA_01,0.01,232,,0,stationary_official_XML,7321
I_CA_01,0.01,233,,0,stationary_official_XML,7321
I_CA_01,0.01,234,,0,stationary_official_XML,7321
I_CA_01,0.01,235,,0,stationary_official_XML,7321
I_CA_01,0.01,236,,0,stationary_official_XML,7321
I_CA_01,0.01,237,,0,stationary_official_XML,7321
I_CA_01,0.01,238,,0,stationary_official_XML,7321
I_CA_01,0.01,239,,0,stationary_official_XML,7321
I_CA_01,0.01,240,,0,stationary_official_XML,7321
I_CA_01,0.01,241,,0,stationary_official_XML,7321
I_CA_01,0.01,242,,0,stationary_official_XML,7321
I_CA_01,0.01,243,,0,stationary_official_XML,7321
I_CA_01,0.01,244,,0,stationary_official_XML,7321
I_CA_01,0.01,245,,0,stationary_official_XML,7321
I_CA_01,0.01,246,,0,stationary_official_XML,7321
I_CA_01,0.01,247,,0,stationary_official_XML,7321
I_CA_01,0.01,248,,0,stationary_official_XML,7321
I_CA_01,0.01,249,,0,stationary_official_XML,7321
I_CA_01,0.01,250,,0,stationary_official_XML,7321
I_CA_01,0.01,251,,0,stationary_official_XML,7321
I_CA_01,0.01,252,,0,stationary_official_XML,7321
I_CA_01,0.01,253,,0,stationary_official_XML,7321
I_CA_01,0.01,254,,0,stationary_official_XML,7321
I_CA_01,0.01,255,,0,stationary_official_XML,7321
I_CA_01,0.01,256,,0,stationary_official_XML,7321
I_CA_01,0.01,257,,0,stationary_official_XML,7321
I_CA_01,0.01,258,,0,stationary_official_XML,7321
I_CA_01,0.01,259,,0,stationary_official_XML,7321
I_CA_01,0.01,260,,0,stationary_official_XML,7321
I_CA_01,0.01,261,,0,stationary_official_XML,7321
I_CA_01,0.01,262,,0,stationary_official_XML,7321
I_CA_01,0.01,263,,0,stationary_official_XML,7321
I_CA_01,0.01,264,,0,stationary_official_XML,7321
I_CA_01,0.01,265,,0,stationary_official_XML,7321
I_CA_01,0.01,266,,0,stationary_official_XML,7321
I_CA_01,0.01,267,,0,stationary_official_XML,7321
I_CA_01,0.01,268,,0,visible,7289
I_CA_01,0.01,269,,0,visible,7295
I_CA_01,0.01,270,,0,visible,7451
I_CA_01,0.01,271,9,0,visible,7530
I_CA_01,0.01,272,9,0,visible,7742
I_CA_01,0.01,273,9,0,visible,7903
I_CA_01,0.01,274,9,0,visible,8041
I_CA_01,0.01,275,9,0,visible,8071
I_CA_01,0.01,276,9,0,visible,8158
I_CA_01,0.01,277,9,0,visible,8251
I_CA_01,0.01,278,9,0,visible,8322
I_CA_01,0.01,279,9,0,visible,8334
I_CA_01,0.01,280,9,0,visible,8339
I_CA_01,0.01,281,9,0,visible,8298
I_CA_01,0.01,282,9,0,visible,8255
I_CA_01,0.01,283,9,0,visible,8294
I_CA_01,0.01,284,9,0,visible,8306
I_CA_01,0.01,285,9,0,visible,8301
I_CA_01,0.01,286,9,0,visible,8289
I_CA_01,0.01,287,9,0,visible,8281
I_CA_01,0.01,288,9,0,visible,8190
I_CA_01,0.01,289,9,0,visible,8247
I_CA_01,0.01,290,9,0,visible,8200
I_CA_01,0.01,291,9,0,visible,8213
I_CA_01,0.01,292,9,0,visible,8260
I_CA_01,0.01,293,9,0,visible,8152
I_CA_01,0.01,294,9,0,visible,8155
I_CA_01,0.01,295,9,0,visible,8059
I_CA_01,0.01,296,9,0,visible,8068
I_CA_01,0.01,297,9,0,visible,7760
I_CA_01,0.01,298,9,0,visible,7579
I_CA_01,0.01,299,9,0,visible,7348
I_CA_01,0.01,300,9,0,visible,7334
I_CA_01,0.01,301,9,0,visible,6965
I_CA_01,0.01,302,9,0,visible,6560
I_CA_01,0.01,303,9,0,visible,6726
I_CA_01,0.01,304,9,0,visible,7154
I_CA_01,0.01,305,9,0,visible,7169
I_CA_01,0.01,306,9,0,visible,7254
I_CA_01,0.01,307,9,0,visible,7351
I_CA_01,0.01,308,9,0,visible,7340
I_CA_01,0.01,309,9,0,visible,7271
I_CA_01,0.01,310,9,0,visible,7366
I_CA_01,0.01,311,9,0,visible,7158
I_CA_01,0.01,312,9,0,visible,7127
I_CA_01,0.01,313,9,0,visible,7086
I_CA_01,0.01,314,9,0,visible,7064
I_CA_01,0.01,315,9,0,visible,6852
I_CA_01,0.01,316,9,0,visible,6652
I_CA_01,0.01,317,9,0,visible,6653
I_CA_01,0.01,318,9,0,visible,6397
I_CA_01,0.01,319,9,0,visible,5985
I_CA_01,0.01,320,9,0,visible,5579
I_CA_01,0.01,321,9,0,visible,4960
I_CA_01,0.01,322,9,0,visible,4465
I_CA_01,0.01,323,9,0,visible,3873
I_CA_01,0.01,324,9,0,visible,3346
I_CA_01,0.01,325,9,0,visible,3088
I_CA_01,0.01,326,9,0,visible,2788
I_CA_01,0.01,327,17,0,visible,2466
I_CA_01,0.01,328,17,0,visible,2115
I_CA_01,0.01,329,17,0,visible,1726
I_CA_01,0.01,330,17,0,visible,1353
I_CA_01,0.01,331,17,0,visible,1021
I_CA_01,0.01,332,17,0,visible,777
I_CA_01,0.01,333,17,0,visible,668
I_CA_01,0.01,334,17,0,visible,548
I_CA_01,0.01,335,17,0,visible,418
I_CA_01,0.01,336,17,0,visible,266
I_CA_01,0.01,337,,0,visible,112
I_CA_01,0.01,338,,0,visible,6
I_CA_01,0.01,339,,1,no_visible_GT,0
I_CA_01,0.01,340,,1,no_visible_GT,0
I_CA_01,0.01,341,,1,no_visible_GT,0
I_CA_01,0.01,342,,1,no_visible_GT,0
I_CA_01,0.01,343,,1,no_visible_GT,0
I_CA_01,0.01,344,,1,no_visible_GT,0
I_CA_01,0.01,345,,1,no_visible_GT,0
I_CA_01,0.01,346,,1,no_visible_GT,0
I_CA_01,0.01,347,,1,no_visible_GT,0
I_CA_01,0.01,348,,1,no_visible_GT,0
I_CA_01,0.01,349,,1,no_visible_GT,0
I_CA_01,0.01,350,,1,no_visible_GT,0
I_CA_01,0.1,1,,1,no_visible_GT,0
I_CA_01,0.1,2,,1,no_visible_GT,0
I_CA_01,0.1,3,,1,no_visible_GT,0
I_CA_01,0.1,4,,1,no_visible_GT,0
I_CA_01,0.1,5,,1,no_visible_GT,0
I_CA_01,0.1,6,,1,no_visible_GT,0
I_CA_01,0.1,7,,1,no_visible_GT,0
I_CA_01,0.1,8,,1,no_visible_GT,0
I_CA_01,0.1,9,,1,no_visible_GT,0
I_CA_01,0.1,10,,1,no_visible_GT,0
I_CA_01,0.1,11,,1,no_visible_GT,0
I_CA_01,0.1,12,,1,no_visible_GT,0
I_CA_01,0.1,13,,1,no_visible_GT,0
I_CA_01,0.1,14,,1,no_visible_GT,0
I_CA_01,0.1,15,,1,no_visible_GT,0
I_CA_01,0.1,16,,1,no_visible_GT,0
I_CA_01,0.1,17,,1,no_visible_GT,0
I_CA_01,0.1,18,,1,no_visible_GT,0
I_CA_01,0.1,19,,1,no_visible_GT,0
I_CA_01,0.1,20,,1,no_visible_GT,0
I_CA_01,0.1,21,,1,no_visible_GT,0
I_CA_01,0.1,22,,1,no_visible_GT,0
I_CA_01,0.1,23,,1,no_visible_GT,0
I_CA_01,0.1,24,,1,no_visible_GT,0
I_CA_01,0.1,25,,1,no_visible_GT,0
I_CA_01,0.1,26,,1,no_visible_GT,0
I_CA_01,0.1,27,,1,no_visible_GT,0
I_CA_01,0.1,28,,1,no_visible_GT,0
I_CA_01,0.1,29,,1,no_visible_GT,0
I_CA_01,0.1,30,,1,no_visible_GT,0
I_CA_01,0.1,31,,1,no_visible_GT,0
I_CA_01,0.1,32,,1,no_visible_GT,0
I_CA_01,0.1,33,,1,no_visible_GT,0
I_CA_01,0.1,34,,1,no_visible_GT,0
I_CA_01,0.1,35,,1,no_visible_GT,0
I_CA_01,0.1,36,,1,no_visible_GT,0
I_CA_01,0.1,37,,1,no_visible_GT,0
I_CA_01,0.1,38,,1,no_visible_GT,0
I_CA_01,0.1,39,,1,no_visible_GT,0
I_CA_01,0.1,40,,1,no_visible_GT,0
I_CA_01,0.1,41,,1,no_visible_GT,0
I_CA_01,0.1,42,,1,no_visible_GT,0
I_CA_01,0.1,43,,1,no_visible_GT,0
I_CA_01,0.1,44,,1,no_visible_GT,0
I_CA_01,0.1,45,,1,no_visible_GT,0
I_CA_01,0.1,46,,1,no_visible_GT,0
I_CA_01,0.1,47,,1,no_visible_GT,0
I_CA_01,0.1,48,,1,no_visible_GT,0
I_CA_01,0.1,49,,1,no_visible_GT,0
I_CA_01,0.1,50,,1,no_visible_GT,0
I_CA_01,0.1,51,,1,no_visible_GT,0
I_CA_01,0.1,52,,1,no_visible_GT,0
I_CA_01,0.1,53,,1,no_visible_GT,0
I_CA_01,0.1,54,,1,no_visible_GT,0
I_CA_01,0.1,55,,1,no_visible_GT,0
I_CA_01,0.1,56,,1,no_visible_GT,0
I_CA_01,0.1,57,,1,no_visible_GT,0
I_CA_01,0.1,58,,1,no_visible_GT,0
I_CA_01,0.1,59,,1,no_visible_GT,0
I_CA_01,0.1,60,,1,no_visible_GT,0
I_CA_01,0.1,61,,1,no_visible_GT,0
I_CA_01,0.1,62,,1,no_visible_GT,0
I_CA_01,0.1,63,,1,no_visible_GT,0
I_CA_01,0.1,64,,1,no_visible_GT,0
I_CA_01,0.1,65,,1,no_visible_GT,0
I_CA_01,0.1,66,,1,no_visible_GT,0
I_CA_01,0.1,67,,1,no_visible_GT,0
I_CA_01,0.1,68,,1,no_visible_GT,0
I_CA_01,0.1,69,,1,no_visible_GT,0
I_CA_01,0.1,70,,1,no_visible_GT,0
I_CA_01,0.1,71,,1,no_visible_GT,0
I_CA_01,0.1,72,,1,no_visible_GT,0
I_CA_01,0.1,73,,1,no_visible_GT,0
I_CA_01,0.1,74,,1,no_visible_GT,0
I_CA_01,0.1,75,,1,no_visible_GT,0
I_CA_01,0.1,76,,1,no_visible_GT,0
I_CA_01,0.1,77,,1,no_visible_GT,0
I_CA_01,0.1,78,,1,no_visible_GT,0
I_CA_01,0.1,79,,1,no_visible_GT,0
I_CA_01,0.1,80,,1,no_visible_GT,0
I_CA_01,0.1,81,,1,no_visible_GT,0
I_CA_01,0.1,82,,1,no_visible_GT,0
I_CA_01,0.1,83,,0,visible,5
I_CA_01,0.1,84,,0,visible,102
I_CA_01,0.1,85,,0,visible,486
I_CA_01,0.1,86,,0,visible,1226
I_CA_01,0.1,87,,0,visible,2082
I_CA_01,0.1,88,,0,visible,2735
I_CA_01,0.1,89,,0,visible,3271
I_CA_01,0.1,90,,0,visible,3872
I_CA_01,0.1,91,,0,visible,4473
I_CA_01,0.1,92,,0,visible,5100
I_CA_01,0.1,93,,0,visible,5714
I_CA_01,0.1,94,,0,visible,6352
I_CA_01,0.1,95,,0,visible,6917
I_CA_01,0.1,96,,0,visible,7600
I_CA_01,0.1,97,,0,visible,8352
I_CA_01,0.1,98,,0,visible,9169
I_CA_01,0.1,99,,0,visible,9563
I_CA_01,0.1,100,,0,visible,9896
I_CA_01,0.1,101,,0,visible,9870
I_CA_01,0.1,102,,0,visible,9907
I_CA_01,0.1,103,,0,visible,9766
I_CA_01,0.1,104,,0,visible,9668
I_CA_01,0.1,105,,0,visible,9216
I_CA_01,0.1,106,,0,visible,8896
I_CA_01,0.1,107,,0,visible,9315
I_CA_01,0.1,108,,0,visible,9646
I_CA_01,0.1,109,,0,visible,9770
I_CA_01,0.1,110,,0,visible,9809
I_CA_01,0.1,111,,0,visible,9793
I_CA_01,0.1,112,,0,visible,9791
I_CA_01,0.1,113,,0,visible,9814
I_CA_01,0.1,114,,0,visible,9756
I_CA_01,0.1,115,,0,visible,9703
I_CA_01,0.1,116,,0,visible,9692
I_CA_01,0.1,117,,0,visible,9576
I_CA_01,0.1,118,,0,visible,9487
I_CA_01,0.1,119,,0,visible,9308
I_CA_01,0.1,120,,0,visible,9255
I_CA_01,0.1,121,,0,visible,8993
I_CA_01,0.1,122,,0,visible,8801
I_CA_01,0.1,123,,0,visible,8685
I_CA_01,0.1,124,,0,visible,8739
I_CA_01,0.1,125,,0,visible,8722
I_CA_01,0.1,126,,0,visible,8817
I_CA_01,0.1,127,,0,visible,8742
I_CA_01,0.1,128,,0,visible,8950
I_CA_01,0.1,129,,0,visible,9137
I_CA_01,0.1,130,,0,visible,9326
I_CA_01,0.1,131,,0,visible,9389
I_CA_01,0.1,132,,0,visible,9359
I_CA_01,0.1,133,,0,visible,9357
I_CA_01,0.1,134,,0,visible,9379
I_CA_01,0.1,135,,0,visible,9394
I_CA_01,0.1,136,,0,visible,9392
I_CA_01,0.1,137,,0,visible,9416
I_CA_01,0.1,138,,0,visible,9380
I_CA_01,0.1,139,,0,visible,9362
I_CA_01,0.1,140,,0,visible,9292
I_CA_01,0.1,141,,0,visible,9261
I_CA_01,0.1,142,,0,visible,9152
I_CA_01,0.1,143,,0,visible,9207
I_CA_01,0.1,144,,0,visible,9135
I_CA_01,0.1,145,,0,visible,9113
I_CA_01,0.1,146,,0,visible,9155
I_CA_01,0.1,147,,0,visible,9103
I_CA_01,0.1,148,,0,visible,9078
I_CA_01,0.1,149,,0,visible,8998
I_CA_01,0.1,150,,0,visible,8850
I_CA_01,0.1,151,,0,visible,8674
I_CA_01,0.1,152,,0,visible,8552
I_CA_01,0.1,153,,0,visible,8467
I_CA_01,0.1,154,,0,visible,8315
I_CA_01,0.1,155,,0,visible,8167
I_CA_01,0.1,156,,0,visible,7936
I_CA_01,0.1,157,,0,visible,7651
I_CA_01,0.1,158,,0,visible,7436
I_CA_01,0.1,159,,0,visible,7358
I_CA_01,0.1,160,,0,visible,7499
I_CA_01,0.1,161,,0,visible,7546
I_CA_01,0.1,162,,0,visible,7547
I_CA_01,0.1,163,,0,visible,7620
I_CA_01,0.1,164,,0,visible,7553
I_CA_01,0.1,165,,0,visible,7520
I_CA_01,0.1,166,,0,visible,7526
I_CA_01,0.1,167,,0,visible,7430
I_CA_01,0.1,168,,0,visible,7420
I_CA_01,0.1,169,,0,visible,7347
I_CA_01,0.1,170,,0,visible,7347
I_CA_01,0.1,171,,0,visible,7341
I_CA_01,0.1,172,,0,visible,7425
I_CA_01,0.1,173,,0,visible,7495
I_CA_01,0.1,174,,0,visible,7524
I_CA_01,0.1,175,,0,visible,7492
I_CA_01,0.1,176,,0,visible,7437
I_CA_01,0.1,177,,0,visible,7502
I_CA_01,0.1,178,,0,visible,7536
I_CA_01,0.1,179,,0,visible,7487
I_CA_01,0.1,180,,0,visible,7466
I_CA_01,0.1,181,,0,visible,7466
I_CA_01,0.1,182,,0,visible,7414
I_CA_01,0.1,183,,0,visible,7283
I_CA_01,0.1,184,,0,visible,7283
I_CA_01,0.1,185,,0,visible,7283
I_CA_01,0.1,186,,0,visible,7270
I_CA_01,0.1,187,,0,visible,7270
I_CA_01,0.1,188,,0,visible,7270
I_CA_01,0.1,189,,0,visible,7294
I_CA_01,0.1,190,,0,visible,7294
I_CA_01,0.1,191,,0,visible,7306
I_CA_01,0.1,192,,0,visible,7306
I_CA_01,0.1,193,,0,visible,7306
I_CA_01,0.1,194,,0,visible,7306
I_CA_01,0.1,195,,0,visible,7306
I_CA_01,0.1,196,,0,visible,7306
I_CA_01,0.1,197,,0,visible,7306
I_CA_01,0.1,198,,0,visible,7306
I_CA_01,0.1,199,,0,visible,7306
I_CA_01,0.1,200,,0,stationary_official_XML,7321
I_CA_01,0.1,201,,0,stationary_official_XML,7321
I_CA_01,0.1,202,,0,stationary_official_XML,7321
I_CA_01,0.1,203,,0,stationary_official_XML,7321
I_CA_01,0.1,204,,0,stationary_official_XML,7321
I_CA_01,0.1,205,,0,stationary_official_XML,7321
I_CA_01,0.1,206,,0,stationary_official_XML,7321
I_CA_01,0.1,207,,0,stationary_official_XML,7321
I_CA_01,0.1,208,,0,stationary_official_XML,7321
I_CA_01,0.1,209,,0,stationary_official_XML,7321
I_CA_01,0.1,210,,0,stationary_official_XML,7321
I_CA_01,0.1,211,,0,stationary_official_XML,7321
I_CA_01,0.1,212,,0,stationary_official_XML,7321
I_CA_01,0.1,213,,0,stationary_official_XML,7321
I_CA_01,0.1,214,,0,stationary_official_XML,7321
I_CA_01,0.1,215,,0,stationary_official_XML,7321
I_CA_01,0.1,216,,0,stationary_official_XML,7321
I_CA_01,0.1,217,,0,stationary_official_XML,7321
I_CA_01,0.1,218,,0,stationary_official_XML,7321
I_CA_01,0.1,219,,0,stationary_official_XML,7321
I_CA_01,0.1,220,,0,stationary_official_XML,7321
I_CA_01,0.1,221,,0,stationary_official_XML,7321
I_CA_01,0.1,222,,0,stationary_official_XML,7321
I_CA_01,0.1,223,,0,stationary_official_XML,7321
I_CA_01,0.1,224,,0,stationary_official_XML,7321
I_CA_01,0.1,225,,0,stationary_official_XML,7321
I_CA_01,0.1,226,,0,stationary_official_XML,7321
I_CA_01,0.1,227,,0,stationary_official_XML,7321
I_CA_01,0.1,228,,0,stationary_official_XML,7321
I_CA_01,0.1,229,,0,stationary_official_XML,7321
I_CA_01,0.1,230,,0,stationary_official_XML,7321
I_CA_01,0.1,231,,0,stationary_official_XML,7321
I_CA_01,0.1,232,,0,stationary_official_XML,7321
I_CA_01,0.1,233,,0,stationary_official_XML,7321
I_CA_01,0.1,234,,0,stationary_official_XML,7321
I_CA_01,0.1,235,,0,stationary_official_XML,7321
I_CA_01,0.1,236,,0,stationary_official_XML,7321
I_CA_01,0.1,237,,0,stationary_official_XML,7321
I_CA_01,0.1,238,,0,stationary_official_XML,7321
I_CA_01,0.1,239,,0,stationary_official_XML,7321
I_CA_01,0.1,240,,0,stationary_official_XML,7321
I_CA_01,0.1,241,,0,stationary_official_XML,7321
I_CA_01,0.1,242,,0,stationary_official_XML,7321
I_CA_01,0.1,243,,0,stationary_official_XML,7321
I_CA_01,0.1,244,,0,stationary_official_XML,7321
I_CA_01,0.1,245,,0,stationary_official_XML,7321
I_CA_01,0.1,246,,0,stationary_official_XML,7321
I_CA_01,0.1,247,,0,stationary_official_XML,7321
I_CA_01,0.1,248,,0,stationary_official_XML,7321
I_CA_01,0.1,249,,0,stationary_official_XML,7321
I_CA_01,0.1,250,,0,stationary_official_XML,7321
I_CA_01,0.1,251,,0,stationary_official_XML,7321
I_CA_01,0.1,252,,0,stationary_official_XML,7321
I_CA_01,0.1,253,,0,stationary_official_XML,7321
I_CA_01,0.1,254,,0,stationary_official_XML,7321
I_CA_01,0.1,255,,0,stationary_official_XML,7321
I_CA_01,0.1,256,,0,stationary_official_XML,7321
I_CA_01,0.1,257,,0,stationary_official_XML,7321
I_CA_01,0.1,258,,0,stationary_official_XML,7321
I_CA_01,0.1,259,,0,stationary_official_XML,7321
I_CA_01,0.1,260,,0,stationary_official_XML,7321
I_CA_01,0.1,261,,0,stationary_official_XML,7321
I_CA_01,0.1,262,,0,stationary_official_XML,7321
I_CA_01,0.1,263,,0,stationary_official_XML,7321
I_CA_01,0.1,264,,0,stationary_official_XML,7321
I_CA_01,0.1,265,,0,stationary_official_XML,7321
I_CA_01,0.1,266,,0,stationary_official_XML,7321
I_CA_01,0.1,267,,0,stationary_official_XML,7321
I_CA_01,0.1,268,,0,visible,7289
I_CA_01,0.1,269,,0,visible,7295
I_CA_01,0.1,270,,0,visible,7451
I_CA_01,0.1,271,,0,visible,7530
I_CA_01,0.1,272,,0,visible,7742
I_CA_01,0.1,273,,0,visible,7903
I_CA_01,0.1,274,,0,visible,8041
I_CA_01,0.1,275,,0,visible,8071
I_CA_01,0.1,276,,0,visible,8158
I_CA_01,0.1,277,,0,visible,8251
I_CA_01,0.1,278,,0,visible,8322
I_CA_01,0.1,279,,0,visible,8334
I_CA_01,0.1,280,,0,visible,8339
I_CA_01,0.1,281,,0,visible,8298
I_CA_01,0.1,282,,0,visible,8255
I_CA_01,0.1,283,,0,visible,8294
I_CA_01,0.1,284,,0,visible,8306
I_CA_01,0.1,285,,0,visible,8301
I_CA_01,0.1,286,,0,visible,8289
I_CA_01,0.1,287,,0,visible,8281
I_CA_01,0.1,288,,0,visible,8190
I_CA_01,0.1,289,,0,visible,8247
I_CA_01,0.1,290,,0,visible,8200
I_CA_01,0.1,291,,0,visible,8213
I_CA_01,0.1,292,,0,visible,8260
I_CA_01,0.1,293,,0,visible,8152
I_CA_01,0.1,294,,0,visible,8155
I_CA_01,0.1,295,,0,visible,8059
I_CA_01,0.1,296,,0,visible,8068
I_CA_01,0.1,297,,0,visible,7760
I_CA_01,0.1,298,,0,visible,7579
I_CA_01,0.1,299,,0,visible,7348
I_CA_01,0.1,300,,0,visible,7334
I_CA_01,0.1,301,,0,visible,6965
I_CA_01,0.1,302,,0,visible,6560
I_CA_01,0.1,303,,0,visible,6726
I_CA_01,0.1,304,,0,visible,7154
I_CA_01,0.1,305,,0,visible,7169
I_CA_01,0.1,306,,0,visible,7254
I_CA_01,0.1,307,,0,visible,7351
I_CA_01,0.1,308,,0,visible,7340
I_CA_01,0.1,309,,0,visible,7271
I_CA_01,0.1,310,,0,visible,7366
I_CA_01,0.1,311,,0,visible,7158
I_CA_01,0.1,312,,0,visible,7127
I_CA_01,0.1,313,,0,visible,7086
I_CA_01,0.1,314,,0,visible,7064
I_CA_01,0.1,315,,0,visible,6852
I_CA_01,0.1,316,,0,visible,6652
I_CA_01,0.1,317,,0,visible,6653
I_CA_01,0.1,318,,0,visible,6397
I_CA_01,0.1,319,,0,visible,5985
I_CA_01,0.1,320,,0,visible,5579
I_CA_01,0.1,321,,0,visible,4960
I_CA_01,0.1,322,,0,visible,4465
I_CA_01,0.1,323,,0,visible,3873
I_CA_01,0.1,324,,0,visible,3346
I_CA_01,0.1,325,,0,visible,3088
I_CA_01,0.1,326,,0,visible,2788
I_CA_01,0.1,327,,0,visible,2466
I_CA_01,0.1,328,,0,visible,2115
I_CA_01,0.1,329,,0,visible,1726
I_CA_01,0.1,330,,0,visible,1353
I_CA_01,0.1,331,,0,visible,1021
I_CA_01,0.1,332,,0,visible,777
I_CA_01,0.1,333,,0,visible,668
I_CA_01,0.1,334,,0,visible,548
I_CA_01,0.1,335,,0,visible,418
I_CA_01,0.1,336,,0,visible,266
I_CA_01,0.1,337,,0,visible,112
I_CA_01,0.1,338,,0,visible,6
I_CA_01,0.1,339,,1,no_visible_GT,0
I_CA_01,0.1,340,,1,no_visible_GT,0
I_CA_01,0.1,341,,1,no_visible_GT,0
I_CA_01,0.1,342,,1,no_visible_GT,0
I_CA_01,0.1,343,,1,no_visible_GT,0
I_CA_01,0.1,344,,1,no_visible_GT,0
I_CA_01,0.1,345,,1,no_visible_GT,0
I_CA_01,0.1,346,,1,no_visible_GT,0
I_CA_01,0.1,347,,1,no_visible_GT,0
I_CA_01,0.1,348,,1,no_visible_GT,0
I_CA_01,0.1,349,,1,no_visible_GT,0
I_CA_01,0.1,350,,1,no_visible_GT,0
