video,event,condition,frames,people,predictions,complete,misses,duplicates,fragmented,merges,unmatched,coverage_sum,switches
01,M08,단일 객체 이동,41,41,82,22,0,0,0,0,41,28.66591016680003,0
01,O01,두 객체 겹침,131,262,125,42,140,0,0,3,3,70.56734169332766,0
02,M06,단일 객체 이동,56,56,78,33,0,0,0,0,22,40.19941062234885,0
02,M07,단일 객체 이동,136,136,74,13,69,0,0,0,7,32.338323029217094,0
02,S01,객체 일시 정지,26,26,32,0,18,0,0,0,24,1.4234318095925238,0
03,M09,단일 객체 이동,221,221,300,14,3,47,46,0,35,85.25488004903906,1
03,M10,단일 객체 이동,161,161,199,28,74,6,6,0,106,36.74833860660978,0
03,O10,두 객체 겹침,101,202,101,0,151,4,4,0,48,6.955714066488023,0
03,S02,객체 일시 정지,36,36,0,0,36,0,0,0,0,0.0,0
04,O02,두 객체 겹침,181,338,417,12,147,67,58,0,160,47.346603782110556,1
05,O03,두 객체 겹침,161,322,95,36,233,6,6,0,0,49.46327844948267,1
06,O04,두 객체 겹침,169,338,172,33,163,0,0,0,1,90.7052288094739,1
07,O05,두 객체 겹침,96,192,102,45,107,0,0,0,17,55.22704622358285,1
08,O06,두 객체 겹침,114,198,108,0,198,0,0,0,108,0.0,0
09,O07,두 객체 겹침,128,236,108,23,175,0,0,0,57,36.9307139254355,1
10,O08,두 객체 겹침,106,196,207,37,96,13,12,0,94,52.65832584086001,1
11,O09,두 객체 겹침,115,166,204,41,25,44,42,6,21,71.66413044568829,1
14,L03,조명 변화,27,27,24,2,19,0,0,0,16,4.273300885340109,0
14,L04,조명 변화,60,60,21,0,49,2,2,0,8,2.932435196482932,0
14,L05,조명 변화,33,33,50,12,14,1,1,0,30,14.845346633341864,1
15,M04,단일 객체 이동,51,51,52,50,0,1,1,0,0,49.38417355976099,0
16,M05,단일 객체 이동,36,36,57,27,9,1,1,0,29,26.935451300992337,0
17,M03,단일 객체 이동,91,91,141,47,0,19,19,0,31,65.35070229716372,0
17,S05,객체 일시 정지,80,80,168,0,26,9,9,0,105,11.805211649706326,0
17,L02,조명 변화,46,46,127,0,23,2,2,0,102,5.336375209975209,0
18,M02,단일 객체 이동,51,51,101,42,9,1,1,0,58,38.13425330263256,1
18,S04,객체 일시 정지,11,11,13,5,6,0,0,0,8,4.870804163661306,0
18,L01,조명 변화,56,56,126,37,19,1,1,0,88,33.579540176617705,1
19,M01,단일 객체 이동,61,61,62,61,0,0,0,0,1,57.39241748045131,0
19,S03,객체 일시 정지,115,115,50,9,86,1,1,0,20,11.799089716394063,0
