algorithm,variant,condition,frame,extracted_keypoints,target_keypoints,matched_keypoints,match_rate_percent,target_width,target_height
ORB,original_bgr,정면,33,0,0,0,,25,101
ORB,original_bgr,약 30° 방향 변화,140,0,0,0,,25,101
ORB,original_bgr,약 60° 방향 변화,300,0,0,0,,25,101
ORB,original_bgr,약 30% 가림,65,0,0,0,,25,101
ORB,original_bgr,약 50% 가림,68,0,0,0,,25,101
ORB,gray_1x,정면,33,0,0,0,,25,101
ORB,gray_1x,약 30° 방향 변화,140,0,0,0,,25,101
ORB,gray_1x,약 60° 방향 변화,300,0,0,0,,25,101
ORB,gray_1x,약 30% 가림,65,0,0,0,,25,101
ORB,gray_1x,약 50% 가림,68,0,0,0,,25,101
ORB,gray_4x,정면,33,24,14,0,0.0,100,404
ORB,gray_4x,약 30° 방향 변화,140,10,14,0,0.0,100,404
ORB,gray_4x,약 60° 방향 변화,300,20,14,0,0.0,100,404
ORB,gray_4x,약 30% 가림,65,14,14,1,7.14,100,404
ORB,gray_4x,약 50% 가림,68,6,14,1,7.14,100,404
SIFT,original_bgr,정면,33,24,24,3,12.5,25,101
SIFT,original_bgr,약 30° 방향 변화,140,31,24,2,8.33,25,101
SIFT,original_bgr,약 60° 방향 변화,300,46,24,1,4.17,25,101
SIFT,original_bgr,약 30% 가림,65,21,24,1,4.17,25,101
SIFT,original_bgr,약 50% 가림,68,22,24,0,0.0,25,101
SIFT,gray_1x,정면,33,24,24,3,12.5,25,101
SIFT,gray_1x,약 30° 방향 변화,140,31,24,2,8.33,25,101
SIFT,gray_1x,약 60° 방향 변화,300,46,24,1,4.17,25,101
SIFT,gray_1x,약 30% 가림,65,21,24,1,4.17,25,101
SIFT,gray_1x,약 50% 가림,68,22,24,0,0.0,25,101
SIFT,gray_4x,정면,33,90,100,9,9.0,100,404
SIFT,gray_4x,약 30° 방향 변화,140,81,100,4,4.0,100,404
SIFT,gray_4x,약 60° 방향 변화,300,84,100,4,4.0,100,404
SIFT,gray_4x,약 30% 가림,65,66,100,2,2.0,100,404
SIFT,gray_4x,약 50% 가림,68,54,100,0,0.0,100,404
