video,split,people_before,people_after,predictions_before,predictions_after,complete_before,complete_after,misses_before,misses_after,duplicates_before,duplicates_after,fragmented_before,fragmented_after,merges_before,merges_after,unmatched_before,unmatched_after,coverage_sum_before,coverage_sum_after,switches_before,switches_after,evaluated_frames_before,evaluated_frames_after,decoded_frames_before,decoded_frames_after,fps_before,fps_after,fps_min_before,fps_min_after,fps_max_before,fps_max_after
01,heldout,1714,1714,393,391,147,148,1311,1312,1,0,1,0,21,21,3,3,247.7999985431264,248.01388881951667,3,3,598,598,624,624,290.387521076477,365.7852683135112,290.0900552445003,354.93035998755084,333.117160939577,373.99550202136214
02,development,1551,1551,350,349,195,196,1194,1194,1,0,1,0,38,38,0,0,241.10568197610436,241.43417562401726,4,3,586,586,612,612,344.153733662305,365.9093188401206,332.0274224617872,355.4675883492311,355.1025898907476,369.8640662188759
03,heldout,1693,1693,891,795,48,65,1143,1143,166,103,163,102,0,0,177,144,163.21398088655712,185.14512968466565,1,1,700,700,725,725,346.09562163214224,393.37536248485776,329.3391551510732,393.0505912242186,349.1692415878144,396.5572943589777
04,heldout,937,937,482,459,9,12,690,692,95,83,80,72,0,0,149,136,54.228787260054425,58.09004143877886,0,1,200,200,225,225,326.3847381342449,372.60451130929914,298.9887427362224,361.5167199701217,344.3656580719228,375.8376073445711
05,heldout,400,400,95,95,36,36,311,311,6,6,6,6,0,0,0,0,49.46327844948267,49.46327844948267,1,1,200,200,225,225,324.78639177745055,371.22909996996174,322.6628809425779,336.17900494010775,345.41164527151864,381.7368343913388
06,heldout,400,400,173,173,33,33,224,224,0,0,0,0,1,1,1,1,91.32195354814985,91.32195354814985,1,1,200,200,225,225,338.9083240493361,359.9418334030771,277.978159877301,354.46942008394063,351.48129024791945,363.9379253937822
07,heldout,400,400,156,156,47,47,275,275,0,0,0,0,0,0,51,51,69.1938382442654,69.1938382442654,1,1,200,200,225,225,358.6015760713803,366.4245312769205,330.14233694781,358.0168045751805,367.4048681769152,379.6898717151046
08,heldout,926,926,242,240,40,41,689,689,2,0,2,0,0,0,4,4,106.59949237106643,107.55915146197553,1,0,200,200,225,225,333.50786219530454,318.83390249708344,317.82816673765626,289.18672422239683,334.0798434070366,358.42902279195334
09,heldout,706,706,145,145,29,29,533,533,1,1,1,1,8,8,0,0,90.13950019706353,90.13950019706353,3,3,181,181,207,207,350.02814142035055,363.2583114454406,324.36412010256703,357.1197361660387,360.8731297111395,369.27330227124
10,development,437,437,234,226,47,47,246,246,34,23,32,22,0,0,21,21,87.75716464654704,89.27339485197824,1,1,125,125,150,150,385.08474862955,280.42685499166606,377.65993540305914,244.26146644394936,389.78204759861717,370.2257967436203
11,heldout,186,186,242,216,37,51,24,25,64,44,59,42,13,16,32,23,81.78862881507996,87.74924391572993,2,2,125,125,150,150,370.54341689084583,343.166892747392,358.3946751336964,319.21759987451685,377.1349496303238,362.6493735851624
14,heldout,120,120,137,95,13,14,77,82,20,3,17,3,0,0,74,54,22.411432370886526,22.051082715164902,3,2,120,120,2715,2715,1799.483972816768,1856.4897218155688,1782.8985970335407,1836.4791745894345,1815.347210503152,1857.318727231274
15,heldout,139,139,125,124,104,105,21,21,7,6,7,6,0,0,0,0,104.2111179890828,104.96051412434849,2,2,225,225,250,250,453.762981542748,462.491156888086,442.667868374839,449.1789422141345,456.2495174608823,474.28261430550003
16,heldout,144,144,321,236,85,85,9,17,67,53,52,45,0,0,119,56,102.90843293224027,99.26282259526633,5,3,225,225,250,250,395.2205935648852,403.32500358632643,382.88390290843796,380.5601833059222,400.51898545226317,420.11367486097447
17,heldout,327,327,810,588,64,99,31,31,146,94,128,89,0,0,368,198,147.71334290201665,166.59422232846018,7,5,500,500,525,525,365.9568318453485,338.10647496370007,350.54100746470124,273.5297065785227,380.6122361672971,338.28960335701686
18,development,102,102,256,172,64,70,25,26,12,5,12,5,0,0,167,91,64.15230741374272,66.63959579479325,2,1,275,275,300,300,388.1375512663826,375.6817524942874,387.02366317667156,337.0711959737112,394.2894144141662,388.83659116017446
19,heldout,256,256,308,208,88,124,92,90,53,13,51,13,0,0,91,29,109.68718837651429,128.37637382411927,2,2,325,325,350,350,432.15638681926265,404.3285940624935,429.60752443311327,402.3247001658798,433.0703737881333,422.00057203919147
