frame,people,predictions,complete,misses,duplicates,fragmented,merges,unmatched,coverage_sum,switches
25,0,0,0,0,0,0,0,0,0,0
26,0,0,0,0,0,0,0,0,0,0
27,0,0,0,0,0,0,0,0,0,0
28,0,0,0,0,0,0,0,0,0,0
29,0,0,0,0,0,0,0,0,0,0
30,0,0,0,0,0,0,0,0,0,0
31,0,0,0,0,0,0,0,0,0,0
32,0,0,0,0,0,0,0,0,0,0
33,0,0,0,0,0,0,0,0,0,0
34,0,0,0,0,0,0,0,0,0,0
35,0,0,0,0,0,0,0,0,0,0
36,0,0,0,0,0,0,0,0,0,0
37,0,0,0,0,0,0,0,0,0,0
38,0,0,0,0,0,0,0,0,0,0
39,0,0,0,0,0,0,0,0,0,0
40,0,0,0,0,0,0,0,0,0,0
41,0,0,0,0,0,0,0,0,0,0
42,0,0,0,0,0,0,0,0,0,0
43,0,0,0,0,0,0,0,0,0,0
44,0,0,0,0,0,0,0,0,0,0
45,0,0,0,0,0,0,0,0,0,0
46,0,0,0,0,0,0,0,0,0,0
47,0,0,0,0,0,0,0,0,0,0
48,0,0,0,0,0,0,0,0,0,0
49,0,0,0,0,0,0,0,0,0,0
50,0,0,0,0,0,0,0,0,0,0
51,0,0,0,0,0,0,0,0,0,0
52,0,0,0,0,0,0,0,0,0,0
53,0,0,0,0,0,0,0,0,0,0
54,0,0,0,0,0,0,0,0,0,0
55,0,0,0,0,0,0,0,0,0,0
56,0,0,0,0,0,0,0,0,0,0
57,0,0,0,0,0,0,0,0,0,0
58,0,0,0,0,0,0,0,0,0,0
59,0,0,0,0,0,0,0,0,0,0
60,0,0,0,0,0,0,0,0,0,0
61,0,0,0,0,0,0,0,0,0,0
62,0,0,0,0,0,0,0,0,0,0
63,0,0,0,0,0,0,0,0,0,0
64,0,0,0,0,0,0,0,0,0,0
65,0,0,0,0,0,0,0,0,0,0
66,0,0,0,0,0,0,0,0,0,0
67,0,0,0,0,0,0,0,0,0,0
68,0,0,0,0,0,0,0,0,0,0
69,0,0,0,0,0,0,0,0,0,0
70,0,0,0,0,0,0,0,0,0,0
71,0,0,0,0,0,0,0,0,0,0
72,0,0,0,0,0,0,0,0,0,0
73,0,0,0,0,0,0,0,0,0,0
74,0,0,0,0,0,0,0,0,0,0
75,0,0,0,0,0,0,0,0,0,0
76,0,0,0,0,0,0,0,0,0,0
77,0,0,0,0,0,0,0,0,0,0
78,0,0,0,0,0,0,0,0,0,0
79,0,0,0,0,0,0,0,0,0,0
80,0,0,0,0,0,0,0,0,0,0
81,0,0,0,0,0,0,0,0,0,0
82,0,0,0,0,0,0,0,0,0,0
83,0,0,0,0,0,0,0,0,0,0
84,0,0,0,0,0,0,0,0,0,0
85,0,0,0,0,0,0,0,0,0,0
86,0,0,0,0,0,0,0,0,0,0
87,0,0,0,0,0,0,0,0,0,0
88,0,0,0,0,0,0,0,0,0,0
89,0,0,0,0,0,0,0,0,0,0
90,0,0,0,0,0,0,0,0,0,0
91,0,0,0,0,0,0,0,0,0,0
92,0,0,0,0,0,0,0,0,0,0
93,0,0,0,0,0,0,0,0,0,0
94,0,0,0,0,0,0,0,0,0,0
95,0,0,0,0,0,0,0,0,0,0
96,1,0,0,1,0,0,0,0,0.0,0
97,1,1,0,0,0,0,0,0,0.11827956989247312,0
98,1,2,0,0,1,1,0,0,0.6836734693877551,0
99,1,1,1,0,0,0,0,0,1.0,0
100,1,1,1,0,0,0,0,0,0.7688172043010753,0
101,1,2,1,0,0,0,0,1,0.8306878306878307,0
102,1,1,1,0,0,0,0,0,1.0,0
103,1,1,1,0,0,0,0,0,1.0,0
104,1,1,1,0,0,0,0,0,1.0,0
105,1,1,1,0,0,0,0,0,1.0,0
106,1,1,1,0,0,0,0,0,1.0,0
107,1,1,1,0,0,0,0,0,1.0,0
108,1,1,1,0,0,0,0,0,0.9259259259259259,0
109,1,2,1,0,0,0,0,1,0.8771929824561403,0
110,1,1,1,0,0,0,0,0,0.8787878787878788,0
111,1,1,1,0,0,0,0,0,0.9436619718309859,0
112,1,1,1,0,0,0,0,0,0.9871794871794872,0
113,1,1,1,0,0,0,0,0,1.0,0
114,1,1,1,0,0,0,0,0,1.0,0
115,1,1,1,0,0,0,0,0,0.9529411764705882,0
116,1,1,1,0,0,0,0,0,0.8636363636363636,0
117,1,1,1,0,0,0,0,0,1.0,0
118,1,2,1,0,0,0,0,1,0.9888888888888889,0
119,1,1,1,0,0,0,0,0,0.9885057471264368,0
120,1,2,1,0,0,0,0,1,1.0,0
121,1,2,1,0,0,0,0,1,1.0,0
122,1,1,1,0,0,0,0,0,1.0,0
123,1,1,1,0,0,0,0,0,1.0,0
124,1,1,1,0,0,0,0,0,0.9795918367346939,0
125,1,1,1,0,0,0,0,0,0.9642857142857143,0
126,1,1,1,0,0,0,0,0,0.9591836734693877,0
127,1,2,1,0,0,0,0,1,0.9591836734693877,0
128,1,2,0,1,0,0,0,2,0.0,0
129,1,0,0,1,0,0,0,0,0.0,0
130,1,0,0,1,0,0,0,0,0.0,0
131,1,0,0,1,0,0,0,0,0.0,0
132,1,0,0,1,0,0,0,0,0.0,0
133,1,1,0,1,0,0,0,1,0.011752136752136752,0
134,1,0,0,1,0,0,0,0,0.0,0
135,1,5,0,1,0,0,0,5,0.0,0
136,1,6,0,1,0,0,0,6,0.0,0
137,1,3,0,1,0,0,0,3,0.0,0
138,1,14,1,0,0,0,0,13,1.0,0
139,1,1,1,0,0,0,0,0,0.9814814814814815,0
140,1,1,1,0,0,0,0,0,1.0,0
141,1,1,1,0,0,0,0,0,1.0,0
142,1,1,1,0,0,0,0,0,0.8983050847457628,0
143,1,1,1,0,0,0,0,0,0.9117647058823529,0
144,1,1,1,0,0,0,0,0,0.9210526315789473,0
145,1,2,1,0,0,0,0,1,0.9146341463414634,0
146,1,3,1,0,0,0,0,2,0.9176470588235294,0
147,1,1,1,0,0,0,0,0,0.9090909090909091,0
148,1,1,1,0,0,0,0,0,0.9101123595505618,0
149,1,1,1,0,0,0,0,0,0.8876404494382022,0
150,1,1,1,0,0,0,0,0,0.9090909090909091,0
151,1,3,1,0,0,0,0,2,0.8777777777777778,0
152,1,6,1,0,0,0,0,5,0.9333333333333333,0
153,1,5,0,1,0,0,0,5,0.0,0
154,1,5,0,1,0,0,0,5,0.008105748846489588,0
155,1,2,0,1,0,0,0,2,0.0,0
156,1,4,0,1,0,0,0,4,0.0,0
157,1,3,0,1,0,0,0,3,0.0,0
158,1,4,0,1,0,0,0,4,0.0,0
159,1,5,0,1,0,0,0,5,0.0,0
160,1,6,0,1,0,0,0,6,0.0,0
161,1,8,0,1,0,0,0,8,0.0,0
162,1,9,1,0,0,0,0,8,0.8585503166783955,1
163,1,4,1,0,0,0,0,3,0.8452380952380952,0
164,1,3,1,0,0,0,0,2,0.8412151581584717,0
165,1,2,1,0,0,0,0,1,0.7603883495145631,0
166,1,2,1,0,0,0,0,1,0.749115255858441,0
167,1,2,1,0,0,0,0,1,0.7465359600339334,0
168,1,3,1,0,1,1,0,1,0.7653190948385457,0
169,1,3,1,0,1,1,0,1,0.8311717352415027,0
170,1,1,1,0,0,0,0,0,1.0,0
171,1,1,1,0,0,0,0,0,1.0,0
172,1,1,1,0,0,0,0,0,1.0,0
173,1,1,1,0,0,0,0,0,1.0,0
174,1,1,1,0,0,0,0,0,1.0,0
175,1,1,1,0,0,0,0,0,0.9953051643192489,0
176,1,2,1,0,1,1,0,0,1.0,0
177,1,2,1,0,0,0,0,1,0.9858490566037735,0
178,1,2,1,0,1,1,0,0,0.9904761904761905,0
179,1,2,1,0,1,1,0,0,0.9952153110047847,0
180,1,2,1,0,1,1,0,0,0.9484536082474226,0
181,1,2,1,0,1,1,0,0,0.865979381443299,0
182,1,2,1,0,1,1,0,0,0.8,0
183,1,2,1,0,1,1,0,0,0.7119047619047619,0
184,1,2,0,0,1,1,0,0,0.6402439024390244,0
185,1,1,1,0,0,0,0,0,0.9736842105263158,0
186,1,1,1,0,0,0,0,0,1.0,0
187,1,1,1,0,0,0,0,0,1.0,0
188,1,1,1,0,0,0,0,0,1.0,0
189,1,1,1,0,0,0,0,0,1.0,0
190,1,1,1,0,0,0,0,0,0.9545454545454546,0
191,1,1,1,0,0,0,0,0,0.9090909090909091,0
192,1,1,0,0,0,0,0,0,0.42857142857142855,0
193,1,1,0,0,0,0,0,0,0.48695652173913045,0
194,1,0,0,1,0,0,0,0,0.0,0
195,1,0,0,1,0,0,0,0,0.0,0
196,1,0,0,1,0,0,0,0,0.0,0
197,1,0,0,1,0,0,0,0,0.0,0
198,0,0,0,0,0,0,0,0,0,0
199,0,0,0,0,0,0,0,0,0,0
200,0,0,0,0,0,0,0,0,0,0
201,0,0,0,0,0,0,0,0,0,0
202,0,0,0,0,0,0,0,0,0,0
203,0,0,0,0,0,0,0,0,0,0
204,0,0,0,0,0,0,0,0,0,0
205,0,0,0,0,0,0,0,0,0,0
206,0,0,0,0,0,0,0,0,0,0
207,0,0,0,0,0,0,0,0,0,0
208,0,0,0,0,0,0,0,0,0,0
209,0,0,0,0,0,0,0,0,0,0
210,0,0,0,0,0,0,0,0,0,0
211,0,0,0,0,0,0,0,0,0,0
212,0,0,0,0,0,0,0,0,0,0
213,0,0,0,0,0,0,0,0,0,0
214,0,0,0,0,0,0,0,0,0,0
215,0,0,0,0,0,0,0,0,0,0
216,0,0,0,0,0,0,0,0,0,0
217,0,0,0,0,0,0,0,0,0,0
218,0,0,0,0,0,0,0,0,0,0
219,0,0,0,0,0,0,0,0,0,0
220,0,0,0,0,0,0,0,0,0,0
221,0,0,0,0,0,0,0,0,0,0
222,0,0,0,0,0,0,0,0,0,0
223,0,0,0,0,0,0,0,0,0,0
224,0,0,0,0,0,0,0,0,0,0
225,0,0,0,0,0,0,0,0,0,0
226,0,0,0,0,0,0,0,0,0,0
227,0,0,0,0,0,0,0,0,0,0
228,0,0,0,0,0,0,0,0,0,0
229,0,0,0,0,0,0,0,0,0,0
230,0,0,0,0,0,0,0,0,0,0
231,0,0,0,0,0,0,0,0,0,0
232,0,0,0,0,0,0,0,0,0,0
233,0,0,0,0,0,0,0,0,0,0
234,0,0,0,0,0,0,0,0,0,0
235,0,0,0,0,0,0,0,0,0,0
236,0,0,0,0,0,0,0,0,0,0
237,0,0,0,0,0,0,0,0,0,0
238,0,0,0,0,0,0,0,0,0,0
239,0,0,0,0,0,0,0,0,0,0
240,0,0,0,0,0,0,0,0,0,0
241,0,0,0,0,0,0,0,0,0,0
242,0,0,0,0,0,0,0,0,0,0
243,0,0,0,0,0,0,0,0,0,0
244,0,0,0,0,0,0,0,0,0,0
245,0,0,0,0,0,0,0,0,0,0
246,0,0,0,0,0,0,0,0,0,0
247,0,0,0,0,0,0,0,0,0,0
248,0,0,0,0,0,0,0,0,0,0
249,0,0,0,0,0,0,0,0,0,0
250,0,0,0,0,0,0,0,0,0,0
251,0,0,0,0,0,0,0,0,0,0
252,0,0,0,0,0,0,0,0,0,0
253,0,0,0,0,0,0,0,0,0,0
254,0,0,0,0,0,0,0,0,0,0
255,0,0,0,0,0,0,0,0,0,0
256,0,0,0,0,0,0,0,0,0,0
257,0,0,0,0,0,0,0,0,0,0
258,0,0,0,0,0,0,0,0,0,0
259,0,0,0,0,0,0,0,0,0,0
260,0,0,0,0,0,0,0,0,0,0
261,0,0,0,0,0,0,0,0,0,0
262,0,0,0,0,0,0,0,0,0,0
263,0,0,0,0,0,0,0,0,0,0
264,0,0,0,0,0,0,0,0,0,0
265,0,0,0,0,0,0,0,0,0,0
266,0,0,0,0,0,0,0,0,0,0
267,0,0,0,0,0,0,0,0,0,0
268,0,0,0,0,0,0,0,0,0,0
269,0,0,0,0,0,0,0,0,0,0
270,0,0,0,0,0,0,0,0,0,0
271,0,0,0,0,0,0,0,0,0,0
272,0,0,0,0,0,0,0,0,0,0
273,0,0,0,0,0,0,0,0,0,0
274,0,0,0,0,0,0,0,0,0,0
275,0,0,0,0,0,0,0,0,0,0
276,0,0,0,0,0,0,0,0,0,0
277,0,0,0,0,0,0,0,0,0,0
278,0,0,0,0,0,0,0,0,0,0
279,0,0,0,0,0,0,0,0,0,0
280,0,0,0,0,0,0,0,0,0,0
281,0,0,0,0,0,0,0,0,0,0
282,0,0,0,0,0,0,0,0,0,0
283,0,0,0,0,0,0,0,0,0,0
284,0,0,0,0,0,0,0,0,0,0
285,0,0,0,0,0,0,0,0,0,0
286,0,0,0,0,0,0,0,0,0,0
287,0,0,0,0,0,0,0,0,0,0
288,0,0,0,0,0,0,0,0,0,0
289,0,0,0,0,0,0,0,0,0,0
290,0,0,0,0,0,0,0,0,0,0
291,0,0,0,0,0,0,0,0,0,0
292,0,0,0,0,0,0,0,0,0,0
293,0,0,0,0,0,0,0,0,0,0
294,0,0,0,0,0,0,0,0,0,0
295,0,0,0,0,0,0,0,0,0,0
296,0,0,0,0,0,0,0,0,0,0
297,0,0,0,0,0,0,0,0,0,0
298,0,0,0,0,0,0,0,0,0,0
299,0,0,0,0,0,0,0,0,0,0
