frame,raw_components,binary_components,opened_components,final_components,foreground_pixels,shadow_pixels,open_lost_pixels,boxes,tracks
25,43,28,28,27,34,17,0,0,0
26,42,27,27,26,33,17,0,0,0
27,44,28,28,27,34,19,0,0,0
28,44,29,29,28,35,18,0,0,0
29,41,27,27,26,32,18,0,0,0
30,42,28,28,27,33,16,0,0,0
31,42,26,26,25,31,18,0,0,0
32,46,29,29,28,36,21,0,0,0
33,43,30,30,29,37,16,0,0,0
34,6,6,6,6,6,1,0,0,0
35,4,4,4,4,4,1,0,0,0
36,11,5,5,5,5,7,0,0,0
37,10,4,4,4,4,7,0,0,0
38,14,8,8,8,10,7,0,0,0
39,13,6,6,6,8,9,0,0,0
40,18,9,9,9,11,11,0,0,0
41,19,9,9,9,9,12,0,0,0
42,15,7,7,7,7,10,0,0,0
43,12,6,6,6,6,8,0,0,0
44,11,5,5,5,5,8,0,0,0
45,10,5,5,5,5,7,0,0,0
46,4,2,2,2,2,3,0,0,0
47,2,1,1,1,1,2,0,0,0
48,7,3,3,3,3,4,0,0,0
49,9,2,2,2,2,9,0,0,0
50,8,3,3,3,3,5,0,0,0
51,7,2,2,2,2,5,0,0,0
52,7,3,3,3,3,4,0,0,0
53,6,3,3,3,3,4,0,0,0
54,3,2,2,2,2,1,0,0,0
55,3,3,3,3,3,0,0,0,0
56,3,3,3,3,3,1,0,0,0
57,2,2,2,2,2,1,0,0,0
58,2,0,0,0,0,2,0,0,0
59,1,0,0,0,0,1,0,0,0
60,2,2,2,2,2,0,0,0,0
61,2,2,2,2,2,0,0,0,0
62,3,2,2,2,2,1,0,0,0
63,2,1,1,1,1,1,0,0,0
64,3,1,1,1,1,2,0,0,0
65,3,1,1,1,1,2,0,0,0
66,3,2,2,2,2,1,0,0,0
67,2,1,1,1,11,1,0,0,0
68,0,0,0,0,0,0,0,0,0
69,0,0,0,0,0,0,0,0,0
70,0,0,0,0,0,0,0,0,0
71,2,1,1,1,1,1,0,0,0
72,7,1,1,1,1,6,0,0,0
73,9,1,1,1,1,8,0,0,0
74,8,1,1,1,1,7,0,0,0
75,9,1,1,1,1,10,0,0,0
76,15,2,2,2,4,40,0,0,0
77,18,2,2,2,2,44,0,0,0
78,24,2,2,2,2,110,0,0,0
79,30,3,3,3,3,262,0,0,0
80,27,4,4,4,4,316,0,0,0
81,35,3,3,3,3,463,0,0,0
82,29,3,3,3,3,591,0,0,0
83,32,0,0,0,0,803,0,0,0
84,86,1,1,1,8,1176,0,0,0
85,97,1,1,1,13,1339,0,0,0
86,101,6,6,6,23,1773,0,0,0
87,110,9,9,7,69,2711,0,0,0
88,178,12,12,10,122,4372,0,0,0
89,173,13,13,8,137,5671,0,0,0
90,209,17,17,15,110,7608,0,0,0
91,209,24,24,19,104,9538,0,0,0
92,212,22,22,19,88,10459,0,0,0
93,206,21,21,19,58,11202,0,0,0
94,162,14,14,13,30,11279,0,0,0
95,170,12,12,12,49,11407,0,0,0
96,181,14,14,14,126,12179,0,0,0
97,232,15,15,12,393,11205,0,1,1
98,286,21,21,16,739,9500,0,2,2
99,337,19,19,18,1047,8466,0,1,1
100,358,33,33,18,1509,7567,0,1,1
101,299,21,21,12,2009,6618,0,2,2
102,284,22,22,15,2667,5574,0,1,1
103,263,21,21,11,3221,5038,0,1,1
104,273,23,23,16,3872,4723,0,1,1
105,261,28,28,13,4678,4349,0,1,1
106,214,42,42,25,4968,4462,0,1,1
107,190,47,47,30,5216,4664,0,1,1
108,197,72,72,48,5354,4919,0,1,1
109,211,74,74,55,5490,4187,0,2,2
110,210,72,72,46,5981,3531,0,1,1
111,195,71,71,48,6365,3286,0,1,1
112,201,99,99,67,6425,3141,0,1,1
113,197,96,96,67,6276,3155,0,1,1
114,182,107,107,79,6364,3358,0,1,1
115,170,96,96,74,6251,3549,0,1,1
116,129,86,86,59,6411,3500,0,1,1
117,137,90,90,61,6465,3431,0,1,1
118,113,89,89,58,6204,2942,0,2,2
119,125,85,85,59,5961,2679,0,1,1
120,139,88,88,76,5725,2590,0,2,2
121,153,91,91,75,5442,2437,0,2,2
122,175,126,126,91,5449,2162,0,1,1
123,190,139,139,98,5546,1978,0,1,1
124,180,139,139,98,5477,1906,0,1,1
125,197,154,154,109,5276,2071,0,1,1
126,184,144,144,100,5185,2089,0,1,1
127,163,119,119,91,5050,2068,0,2,2
128,349,358,358,199,76360,497,0,2,2
129,262,267,267,134,87674,468,0,0,0
130,197,202,202,95,89359,460,0,0,0
131,192,200,200,87,89338,516,0,0,0
132,182,193,193,68,88321,678,0,0,0
133,254,292,292,96,84349,938,0,1,1
134,443,469,469,192,80336,820,0,0,0
135,537,551,551,289,76607,815,0,5,5
136,566,565,565,304,73388,726,0,6,6
137,469,471,471,255,71428,658,0,3,3
138,1280,1276,1276,781,14493,777,0,14,14
139,737,682,682,536,6996,1214,0,1,1
140,499,428,428,359,6249,1758,0,1,1
141,368,269,269,213,5887,2152,0,1,1
142,272,120,120,75,5589,2449,0,1,1
143,323,104,104,63,5511,2870,0,1,1
144,577,133,133,96,5646,3400,0,1,1
145,584,139,139,85,5708,3278,0,2,2
146,498,139,139,92,5862,2787,0,3,3
147,474,150,150,109,6088,2439,0,1,1
148,489,156,156,107,6323,2343,0,1,1
149,458,150,150,100,6640,2107,0,1,1
150,443,178,178,145,7144,1778,0,1,1
151,492,342,342,222,9944,1358,0,3,3
152,581,517,517,336,18986,936,0,6,6
153,552,540,540,343,37978,593,0,5,5
154,534,535,535,289,51769,505,0,5,5
155,521,515,515,283,52839,410,0,2,2
156,605,595,595,347,53793,495,0,4,4
157,600,591,591,342,51689,703,0,3,3
158,608,598,598,342,49465,841,0,4,4
159,713,748,748,369,42122,1630,0,5,5
160,943,965,965,553,31335,2041,0,6,6
161,1048,1013,1013,674,23091,1849,0,8,8
162,986,876,876,618,12669,1983,0,9,9
163,835,578,578,399,9537,2125,0,4,4
164,683,302,302,218,8124,2504,0,3,3
165,609,205,205,145,7906,2421,0,2,2
166,534,166,166,120,7865,2076,0,2,2
167,464,129,129,92,7625,1961,0,2,2
168,456,114,114,86,7540,1819,0,3,3
169,436,119,119,85,7611,1662,0,3,3
170,437,85,85,59,7500,1671,0,1,1
171,422,64,64,47,7221,1727,0,1,1
172,372,43,43,34,6931,1635,0,1,1
173,352,34,34,21,6850,1588,0,1,1
174,339,26,26,13,6864,1504,0,1,1
175,347,20,20,11,7335,1538,0,1,1
176,353,34,34,14,7512,1617,0,2,2
177,389,52,52,29,7503,2030,0,2,2
178,328,49,49,23,7590,1734,0,2,2
179,315,39,39,24,7578,1700,0,2,2
180,272,37,37,19,7593,1650,0,2,2
181,255,41,41,27,7645,1221,0,2,2
182,215,31,31,14,7472,971,0,2,2
183,165,25,25,13,7221,1049,0,2,2
184,172,26,26,14,6828,1202,0,2,2
185,145,17,17,10,6574,1056,0,1,1
186,119,16,16,12,6138,865,0,1,1
187,101,12,12,7,5398,515,0,1,1
188,70,17,17,9,4241,438,0,1,1
189,71,30,30,14,3061,420,0,1,1
190,29,26,26,7,1966,329,0,1,1
191,29,20,20,6,1119,305,0,1,1
192,56,28,28,18,357,211,0,1,1
193,44,21,21,10,196,170,0,1,1
194,40,24,24,20,99,125,0,0,0
195,39,13,13,12,80,71,0,0,0
196,29,10,10,9,45,42,0,0,0
197,31,7,7,6,19,47,0,0,0
198,26,3,3,3,4,32,0,0,0
199,14,2,2,2,3,14,0,0,0
200,12,2,2,2,2,11,0,0,0
201,9,2,2,2,2,9,0,0,0
202,2,0,0,0,0,2,0,0,0
203,1,0,0,0,0,1,0,0,0
204,20,0,0,0,0,23,0,0,0
205,25,0,0,0,0,28,0,0,0
206,23,0,0,0,0,26,0,0,0
207,22,0,0,0,0,25,0,0,0
208,22,0,0,0,0,24,0,0,0
209,26,0,0,0,0,28,0,0,0
210,28,0,0,0,0,29,0,0,0
211,25,0,0,0,0,26,0,0,0
212,25,0,0,0,0,26,0,0,0
213,22,0,0,0,0,23,0,0,0
214,2,0,0,0,0,2,0,0,0
215,2,0,0,0,0,2,0,0,0
216,22,0,0,0,0,25,0,0,0
217,23,0,0,0,0,27,0,0,0
218,23,0,0,0,0,27,0,0,0
219,23,0,0,0,0,26,0,0,0
220,25,0,0,0,0,28,0,0,0
221,25,0,0,0,0,28,0,0,0
222,27,0,0,0,0,30,0,0,0
223,25,0,0,0,0,26,0,0,0
224,21,0,0,0,0,22,0,0,0
225,17,0,0,0,0,19,0,0,0
226,0,0,0,0,0,0,0,0,0
227,1,1,1,1,1,0,0,0,0
228,31,0,0,0,0,33,0,0,0
229,31,0,0,0,0,33,0,0,0
230,31,0,0,0,0,33,0,0,0
231,29,0,0,0,0,31,0,0,0
232,32,0,0,0,0,34,0,0,0
233,41,0,0,0,0,44,0,0,0
234,42,0,0,0,0,42,0,0,0
235,43,0,0,0,0,43,0,0,0
236,40,0,0,0,0,40,0,0,0
237,35,0,0,0,0,35,0,0,0
238,3,0,0,0,0,3,0,0,0
239,3,0,0,0,0,3,0,0,0
240,25,0,0,0,0,26,0,0,0
241,24,0,0,0,0,25,0,0,0
242,23,0,0,0,0,24,0,0,0
243,21,0,0,0,0,21,0,0,0
244,20,0,0,0,0,20,0,0,0
245,19,0,0,0,0,19,0,0,0
246,17,0,0,0,0,17,0,0,0
247,15,0,0,0,0,15,0,0,0
248,14,0,0,0,0,14,0,0,0
249,13,0,0,0,0,13,0,0,0
250,1,0,0,0,0,1,0,0,0
251,1,0,0,0,0,1,0,0,0
252,5,0,0,0,0,5,0,0,0
253,6,0,0,0,0,6,0,0,0
254,6,0,0,0,0,6,0,0,0
255,6,0,0,0,0,6,0,0,0
256,3,0,0,0,0,3,0,0,0
257,3,0,0,0,0,3,0,0,0
258,2,0,0,0,0,2,0,0,0
259,2,0,0,0,0,2,0,0,0
260,2,0,0,0,0,2,0,0,0
261,3,0,0,0,0,3,0,0,0
262,1,0,0,0,0,1,0,0,0
263,1,0,0,0,0,1,0,0,0
264,1,0,0,0,0,1,0,0,0
265,0,0,0,0,0,0,0,0,0
266,0,0,0,0,0,0,0,0,0
267,0,0,0,0,0,0,0,0,0
268,0,0,0,0,0,0,0,0,0
269,0,0,0,0,0,0,0,0,0
270,0,0,0,0,0,0,0,0,0
271,0,0,0,0,0,0,0,0,0
272,0,0,0,0,0,0,0,0,0
273,0,0,0,0,0,0,0,0,0
274,0,0,0,0,0,0,0,0,0
275,0,0,0,0,0,0,0,0,0
276,3,0,0,0,0,3,0,0,0
277,2,0,0,0,0,2,0,0,0
278,1,0,0,0,0,1,0,0,0
279,1,0,0,0,0,1,0,0,0
280,1,0,0,0,0,1,0,0,0
281,1,0,0,0,0,1,0,0,0
282,0,0,0,0,0,0,0,0,0
283,0,0,0,0,0,0,0,0,0
284,0,0,0,0,0,0,0,0,0
285,0,0,0,0,0,0,0,0,0
286,0,0,0,0,0,0,0,0,0
287,0,0,0,0,0,0,0,0,0
288,1,0,0,0,0,1,0,0,0
289,1,0,0,0,0,1,0,0,0
290,1,0,0,0,0,1,0,0,0
291,1,0,0,0,0,1,0,0,0
292,0,0,0,0,0,0,0,0,0
293,0,0,0,0,0,0,0,0,0
294,0,0,0,0,0,0,0,0,0
295,0,0,0,0,0,0,0,0,0
296,0,0,0,0,0,0,0,0,0
297,0,0,0,0,0,0,0,0,0
298,1,0,0,0,0,1,0,0,0
299,1,0,0,0,0,1,0,0,0
