variant,video,condition,frame_start,frame_end,id_switches,failures,missing_frames,eligible_frames,excluded_frames,failure_event,switch_event,miss_rate,note,overlap_start,overlap_end,post_overlap_switches
baseline,single_01,single,50,574,0,0,0,525,0,0,0,0.0,synthetic; one scripted event; exact rear-object occlusion mask,,,
baseline,single_02,single,50,574,0,0,0,525,0,0,0,0.0,synthetic; one scripted event; exact rear-object occlusion mask,,,
baseline,single_03,single,50,574,0,0,0,525,0,0,0,0.0,synthetic; one scripted event; exact rear-object occlusion mask,,,
baseline,single_04,single,50,574,0,0,0,525,0,0,0,0.0,synthetic; one scripted event; exact rear-object occlusion mask,,,
baseline,single_05,single,50,574,0,0,0,525,0,0,0,0.0,synthetic; one scripted event; exact rear-object occlusion mask,,,
baseline,single_06,single,50,574,0,0,0,525,0,0,0,0.0,synthetic; one scripted event; exact rear-object occlusion mask,,,
baseline,single_07,single,50,574,0,0,0,525,0,0,0,0.0,synthetic; one scripted event; exact rear-object occlusion mask,,,
baseline,single_08,single,50,574,0,0,0,525,0,0,0,0.0,synthetic; one scripted event; exact rear-object occlusion mask,,,
baseline,single_09,single,50,574,0,0,0,525,0,0,0,0.0,synthetic; one scripted event; exact rear-object occlusion mask,,,
baseline,single_10,single,50,574,0,0,0,525,0,0,0,0.0,synthetic; one scripted event; exact rear-object occlusion mask,,,
baseline,crossing_01,crossing,50,574,2,1,58,1011,39,1,1,0.057369,synthetic; one scripted event; exact rear-object occlusion mask,265,335,2
baseline,crossing_02,crossing,50,574,3,0,52,1016,34,0,1,0.051181,synthetic; one scripted event; exact rear-object occlusion mask,264,340,2
baseline,crossing_03,crossing,50,574,3,1,48,1007,43,1,1,0.047666,synthetic; one scripted event; exact rear-object occlusion mask,264,346,3
baseline,crossing_04,crossing,50,574,2,1,65,1017,33,1,1,0.063913,synthetic; one scripted event; exact rear-object occlusion mask,265,335,2
baseline,crossing_05,crossing,50,574,3,0,53,1012,38,0,1,0.052372,synthetic; one scripted event; exact rear-object occlusion mask,264,340,2
baseline,crossing_06,crossing,50,574,4,1,53,1011,39,1,1,0.052423,synthetic; one scripted event; exact rear-object occlusion mask,264,346,4
baseline,crossing_07,crossing,50,574,2,1,58,1011,39,1,1,0.057369,synthetic; one scripted event; exact rear-object occlusion mask,265,335,2
baseline,crossing_08,crossing,50,574,3,0,52,1016,34,0,1,0.051181,synthetic; one scripted event; exact rear-object occlusion mask,264,340,2
baseline,crossing_09,crossing,50,574,3,1,48,1007,43,1,1,0.047666,synthetic; one scripted event; exact rear-object occlusion mask,264,346,3
baseline,crossing_10,crossing,50,574,2,1,65,1017,33,1,1,0.063913,synthetic; one scripted event; exact rear-object occlusion mask,265,335,2
baseline,stopping_01,stopping,50,574,1,1,151,525,0,1,1,0.287619,synthetic; one scripted event; exact rear-object occlusion mask,,,
baseline,stopping_02,stopping,50,574,1,1,151,525,0,1,1,0.287619,synthetic; one scripted event; exact rear-object occlusion mask,,,
baseline,stopping_03,stopping,50,574,1,1,151,525,0,1,1,0.287619,synthetic; one scripted event; exact rear-object occlusion mask,,,
baseline,stopping_04,stopping,50,574,1,1,151,525,0,1,1,0.287619,synthetic; one scripted event; exact rear-object occlusion mask,,,
baseline,stopping_05,stopping,50,574,1,1,151,525,0,1,1,0.287619,synthetic; one scripted event; exact rear-object occlusion mask,,,
baseline,lighting_01,lighting,50,574,0,2,34,525,0,1,0,0.064762,synthetic; one scripted event; exact rear-object occlusion mask,,,
baseline,lighting_02,lighting,50,574,0,2,37,525,0,1,0,0.070476,synthetic; one scripted event; exact rear-object occlusion mask,,,
baseline,lighting_03,lighting,50,574,2,2,37,525,0,1,1,0.070476,synthetic; one scripted event; exact rear-object occlusion mask,,,
baseline,lighting_04,lighting,50,574,0,2,34,525,0,1,0,0.064762,synthetic; one scripted event; exact rear-object occlusion mask,,,
baseline,lighting_05,lighting,50,574,1,2,52,525,0,1,1,0.099048,synthetic; one scripted event; exact rear-object occlusion mask,,,
lr_0.001,single_01,single,50,574,0,0,0,525,0,0,0,0.0,synthetic; one scripted event; exact rear-object occlusion mask,,,
lr_0.001,single_02,single,50,574,0,0,0,525,0,0,0,0.0,synthetic; one scripted event; exact rear-object occlusion mask,,,
lr_0.001,single_03,single,50,574,0,0,0,525,0,0,0,0.0,synthetic; one scripted event; exact rear-object occlusion mask,,,
lr_0.001,single_04,single,50,574,0,0,0,525,0,0,0,0.0,synthetic; one scripted event; exact rear-object occlusion mask,,,
lr_0.001,single_05,single,50,574,0,0,0,525,0,0,0,0.0,synthetic; one scripted event; exact rear-object occlusion mask,,,
lr_0.001,single_06,single,50,574,0,0,0,525,0,0,0,0.0,synthetic; one scripted event; exact rear-object occlusion mask,,,
lr_0.001,single_07,single,50,574,0,0,0,525,0,0,0,0.0,synthetic; one scripted event; exact rear-object occlusion mask,,,
lr_0.001,single_08,single,50,574,0,0,0,525,0,0,0,0.0,synthetic; one scripted event; exact rear-object occlusion mask,,,
lr_0.001,single_09,single,50,574,0,0,0,525,0,0,0,0.0,synthetic; one scripted event; exact rear-object occlusion mask,,,
lr_0.001,single_10,single,50,574,0,0,0,525,0,0,0,0.0,synthetic; one scripted event; exact rear-object occlusion mask,,,
lr_0.001,crossing_01,crossing,50,574,2,2,38,1011,39,1,1,0.037587,synthetic; one scripted event; exact rear-object occlusion mask,265,335,2
lr_0.001,crossing_02,crossing,50,574,2,2,48,1016,34,1,1,0.047244,synthetic; one scripted event; exact rear-object occlusion mask,264,340,2
lr_0.001,crossing_03,crossing,50,574,2,2,44,1007,43,1,1,0.043694,synthetic; one scripted event; exact rear-object occlusion mask,264,346,2
lr_0.001,crossing_04,crossing,50,574,2,2,44,1017,33,1,1,0.043265,synthetic; one scripted event; exact rear-object occlusion mask,265,335,2
lr_0.001,crossing_05,crossing,50,574,2,2,44,1012,38,1,1,0.043478,synthetic; one scripted event; exact rear-object occlusion mask,264,340,2
lr_0.001,crossing_06,crossing,50,574,2,2,48,1011,39,1,1,0.047478,synthetic; one scripted event; exact rear-object occlusion mask,264,346,2
lr_0.001,crossing_07,crossing,50,574,2,2,38,1011,39,1,1,0.037587,synthetic; one scripted event; exact rear-object occlusion mask,265,335,2
lr_0.001,crossing_08,crossing,50,574,2,2,48,1016,34,1,1,0.047244,synthetic; one scripted event; exact rear-object occlusion mask,264,340,2
lr_0.001,crossing_09,crossing,50,574,2,2,44,1007,43,1,1,0.043694,synthetic; one scripted event; exact rear-object occlusion mask,264,346,2
lr_0.001,crossing_10,crossing,50,574,2,2,44,1017,33,1,1,0.043265,synthetic; one scripted event; exact rear-object occlusion mask,265,335,2
lr_0.001,stopping_01,stopping,50,574,1,1,51,525,0,1,1,0.097143,synthetic; one scripted event; exact rear-object occlusion mask,,,
lr_0.001,stopping_02,stopping,50,574,1,1,51,525,0,1,1,0.097143,synthetic; one scripted event; exact rear-object occlusion mask,,,
lr_0.001,stopping_03,stopping,50,574,1,1,51,525,0,1,1,0.097143,synthetic; one scripted event; exact rear-object occlusion mask,,,
lr_0.001,stopping_04,stopping,50,574,1,1,51,525,0,1,1,0.097143,synthetic; one scripted event; exact rear-object occlusion mask,,,
lr_0.001,stopping_05,stopping,50,574,1,1,51,525,0,1,1,0.097143,synthetic; one scripted event; exact rear-object occlusion mask,,,
lr_0.001,lighting_01,lighting,50,574,1,1,110,525,0,1,1,0.209524,synthetic; one scripted event; exact rear-object occlusion mask,,,
lr_0.001,lighting_02,lighting,50,574,2,1,110,525,0,1,1,0.209524,synthetic; one scripted event; exact rear-object occlusion mask,,,
lr_0.001,lighting_03,lighting,50,574,1,1,110,525,0,1,1,0.209524,synthetic; one scripted event; exact rear-object occlusion mask,,,
lr_0.001,lighting_04,lighting,50,574,1,1,110,525,0,1,1,0.209524,synthetic; one scripted event; exact rear-object occlusion mask,,,
lr_0.001,lighting_05,lighting,50,574,2,1,110,525,0,1,1,0.209524,synthetic; one scripted event; exact rear-object occlusion mask,,,
lr_0.1,single_01,single,50,574,0,1,525,525,0,1,0,1.0,synthetic; one scripted event; exact rear-object occlusion mask,,,
lr_0.1,single_02,single,50,574,0,1,525,525,0,1,0,1.0,synthetic; one scripted event; exact rear-object occlusion mask,,,
lr_0.1,single_03,single,50,574,0,1,525,525,0,1,0,1.0,synthetic; one scripted event; exact rear-object occlusion mask,,,
lr_0.1,single_04,single,50,574,0,1,525,525,0,1,0,1.0,synthetic; one scripted event; exact rear-object occlusion mask,,,
lr_0.1,single_05,single,50,574,0,1,525,525,0,1,0,1.0,synthetic; one scripted event; exact rear-object occlusion mask,,,
lr_0.1,single_06,single,50,574,0,1,525,525,0,1,0,1.0,synthetic; one scripted event; exact rear-object occlusion mask,,,
lr_0.1,single_07,single,50,574,0,1,525,525,0,1,0,1.0,synthetic; one scripted event; exact rear-object occlusion mask,,,
lr_0.1,single_08,single,50,574,0,1,525,525,0,1,0,1.0,synthetic; one scripted event; exact rear-object occlusion mask,,,
lr_0.1,single_09,single,50,574,0,1,525,525,0,1,0,1.0,synthetic; one scripted event; exact rear-object occlusion mask,,,
lr_0.1,single_10,single,50,574,0,1,525,525,0,1,0,1.0,synthetic; one scripted event; exact rear-object occlusion mask,,,
lr_0.1,crossing_01,crossing,50,574,0,3,1011,1011,39,1,0,1.0,synthetic; one scripted event; exact rear-object occlusion mask,265,335,0
lr_0.1,crossing_02,crossing,50,574,0,3,1016,1016,34,1,0,1.0,synthetic; one scripted event; exact rear-object occlusion mask,264,340,0
lr_0.1,crossing_03,crossing,50,574,0,3,1007,1007,43,1,0,1.0,synthetic; one scripted event; exact rear-object occlusion mask,264,346,0
lr_0.1,crossing_04,crossing,50,574,0,3,1017,1017,33,1,0,1.0,synthetic; one scripted event; exact rear-object occlusion mask,265,335,0
lr_0.1,crossing_05,crossing,50,574,0,3,1012,1012,38,1,0,1.0,synthetic; one scripted event; exact rear-object occlusion mask,264,340,0
lr_0.1,crossing_06,crossing,50,574,0,3,1011,1011,39,1,0,1.0,synthetic; one scripted event; exact rear-object occlusion mask,264,346,0
lr_0.1,crossing_07,crossing,50,574,0,3,1011,1011,39,1,0,1.0,synthetic; one scripted event; exact rear-object occlusion mask,265,335,0
lr_0.1,crossing_08,crossing,50,574,0,3,1016,1016,34,1,0,1.0,synthetic; one scripted event; exact rear-object occlusion mask,264,340,0
lr_0.1,crossing_09,crossing,50,574,0,3,1007,1007,43,1,0,1.0,synthetic; one scripted event; exact rear-object occlusion mask,264,346,0
lr_0.1,crossing_10,crossing,50,574,0,3,1017,1017,33,1,0,1.0,synthetic; one scripted event; exact rear-object occlusion mask,265,335,0
lr_0.1,stopping_01,stopping,50,574,0,1,525,525,0,1,0,1.0,synthetic; one scripted event; exact rear-object occlusion mask,,,
lr_0.1,stopping_02,stopping,50,574,0,1,525,525,0,1,0,1.0,synthetic; one scripted event; exact rear-object occlusion mask,,,
lr_0.1,stopping_03,stopping,50,574,0,1,525,525,0,1,0,1.0,synthetic; one scripted event; exact rear-object occlusion mask,,,
lr_0.1,stopping_04,stopping,50,574,0,1,525,525,0,1,0,1.0,synthetic; one scripted event; exact rear-object occlusion mask,,,
lr_0.1,stopping_05,stopping,50,574,0,1,525,525,0,1,0,1.0,synthetic; one scripted event; exact rear-object occlusion mask,,,
lr_0.1,lighting_01,lighting,50,574,0,1,525,525,0,1,0,1.0,synthetic; one scripted event; exact rear-object occlusion mask,,,
lr_0.1,lighting_02,lighting,50,574,0,1,525,525,0,1,0,1.0,synthetic; one scripted event; exact rear-object occlusion mask,,,
lr_0.1,lighting_03,lighting,50,574,0,1,525,525,0,1,0,1.0,synthetic; one scripted event; exact rear-object occlusion mask,,,
lr_0.1,lighting_04,lighting,50,574,0,1,525,525,0,1,0,1.0,synthetic; one scripted event; exact rear-object occlusion mask,,,
lr_0.1,lighting_05,lighting,50,574,0,1,525,525,0,1,0,1.0,synthetic; one scripted event; exact rear-object occlusion mask,,,
kernel_1,single_01,single,50,574,0,0,0,525,0,0,0,0.0,synthetic; one scripted event; exact rear-object occlusion mask,,,
kernel_1,single_02,single,50,574,0,0,0,525,0,0,0,0.0,synthetic; one scripted event; exact rear-object occlusion mask,,,
kernel_1,single_03,single,50,574,0,0,0,525,0,0,0,0.0,synthetic; one scripted event; exact rear-object occlusion mask,,,
kernel_1,single_04,single,50,574,0,0,0,525,0,0,0,0.0,synthetic; one scripted event; exact rear-object occlusion mask,,,
kernel_1,single_05,single,50,574,0,0,0,525,0,0,0,0.0,synthetic; one scripted event; exact rear-object occlusion mask,,,
kernel_1,single_06,single,50,574,0,0,0,525,0,0,0,0.0,synthetic; one scripted event; exact rear-object occlusion mask,,,
kernel_1,single_07,single,50,574,0,0,0,525,0,0,0,0.0,synthetic; one scripted event; exact rear-object occlusion mask,,,
kernel_1,single_08,single,50,574,0,0,0,525,0,0,0,0.0,synthetic; one scripted event; exact rear-object occlusion mask,,,
kernel_1,single_09,single,50,574,0,0,0,525,0,0,0,0.0,synthetic; one scripted event; exact rear-object occlusion mask,,,
kernel_1,single_10,single,50,574,0,0,0,525,0,0,0,0.0,synthetic; one scripted event; exact rear-object occlusion mask,,,
kernel_1,crossing_01,crossing,50,574,2,1,33,1011,39,1,1,0.032641,synthetic; one scripted event; exact rear-object occlusion mask,265,335,2
kernel_1,crossing_02,crossing,50,574,2,2,26,1016,34,1,1,0.025591,synthetic; one scripted event; exact rear-object occlusion mask,264,340,1
kernel_1,crossing_03,crossing,50,574,2,1,23,1007,43,1,1,0.02284,synthetic; one scripted event; exact rear-object occlusion mask,264,346,1
kernel_1,crossing_04,crossing,50,574,2,1,41,1017,33,1,1,0.040315,synthetic; one scripted event; exact rear-object occlusion mask,265,335,2
kernel_1,crossing_05,crossing,50,574,2,1,23,1012,38,1,1,0.022727,synthetic; one scripted event; exact rear-object occlusion mask,264,340,2
kernel_1,crossing_06,crossing,50,574,2,2,26,1011,39,1,1,0.025717,synthetic; one scripted event; exact rear-object occlusion mask,264,346,2
kernel_1,crossing_07,crossing,50,574,2,1,33,1011,39,1,1,0.032641,synthetic; one scripted event; exact rear-object occlusion mask,265,335,2
kernel_1,crossing_08,crossing,50,574,2,2,26,1016,34,1,1,0.025591,synthetic; one scripted event; exact rear-object occlusion mask,264,340,1
kernel_1,crossing_09,crossing,50,574,2,1,23,1007,43,1,1,0.02284,synthetic; one scripted event; exact rear-object occlusion mask,264,346,1
kernel_1,crossing_10,crossing,50,574,2,1,41,1017,33,1,1,0.040315,synthetic; one scripted event; exact rear-object occlusion mask,265,335,2
kernel_1,stopping_01,stopping,50,574,1,1,147,525,0,1,1,0.28,synthetic; one scripted event; exact rear-object occlusion mask,,,
kernel_1,stopping_02,stopping,50,574,1,1,149,525,0,1,1,0.28381,synthetic; one scripted event; exact rear-object occlusion mask,,,
kernel_1,stopping_03,stopping,50,574,1,1,149,525,0,1,1,0.28381,synthetic; one scripted event; exact rear-object occlusion mask,,,
kernel_1,stopping_04,stopping,50,574,1,1,147,525,0,1,1,0.28,synthetic; one scripted event; exact rear-object occlusion mask,,,
kernel_1,stopping_05,stopping,50,574,1,1,149,525,0,1,1,0.28381,synthetic; one scripted event; exact rear-object occlusion mask,,,
kernel_1,lighting_01,lighting,50,574,0,2,33,525,0,1,0,0.062857,synthetic; one scripted event; exact rear-object occlusion mask,,,
kernel_1,lighting_02,lighting,50,574,0,2,37,525,0,1,0,0.070476,synthetic; one scripted event; exact rear-object occlusion mask,,,
kernel_1,lighting_03,lighting,50,574,0,2,37,525,0,1,0,0.070476,synthetic; one scripted event; exact rear-object occlusion mask,,,
kernel_1,lighting_04,lighting,50,574,0,2,33,525,0,1,0,0.062857,synthetic; one scripted event; exact rear-object occlusion mask,,,
kernel_1,lighting_05,lighting,50,574,1,2,50,525,0,1,1,0.095238,synthetic; one scripted event; exact rear-object occlusion mask,,,
kernel_7,single_01,single,50,574,0,1,515,525,0,1,0,0.980952,synthetic; one scripted event; exact rear-object occlusion mask,,,
kernel_7,single_02,single,50,574,0,1,513,525,0,1,0,0.977143,synthetic; one scripted event; exact rear-object occlusion mask,,,
kernel_7,single_03,single,50,574,0,1,513,525,0,1,0,0.977143,synthetic; one scripted event; exact rear-object occlusion mask,,,
kernel_7,single_04,single,50,574,0,1,515,525,0,1,0,0.980952,synthetic; one scripted event; exact rear-object occlusion mask,,,
kernel_7,single_05,single,50,574,0,1,513,525,0,1,0,0.977143,synthetic; one scripted event; exact rear-object occlusion mask,,,
kernel_7,single_06,single,50,574,0,1,513,525,0,1,0,0.977143,synthetic; one scripted event; exact rear-object occlusion mask,,,
kernel_7,single_07,single,50,574,0,1,515,525,0,1,0,0.980952,synthetic; one scripted event; exact rear-object occlusion mask,,,
kernel_7,single_08,single,50,574,0,1,513,525,0,1,0,0.977143,synthetic; one scripted event; exact rear-object occlusion mask,,,
kernel_7,single_09,single,50,574,0,1,513,525,0,1,0,0.977143,synthetic; one scripted event; exact rear-object occlusion mask,,,
kernel_7,single_10,single,50,574,0,1,515,525,0,1,0,0.980952,synthetic; one scripted event; exact rear-object occlusion mask,,,
kernel_7,crossing_01,crossing,50,574,0,4,987,1011,39,1,0,0.976261,synthetic; one scripted event; exact rear-object occlusion mask,265,335,0
kernel_7,crossing_02,crossing,50,574,0,4,990,1016,34,1,0,0.974409,synthetic; one scripted event; exact rear-object occlusion mask,264,340,0
kernel_7,crossing_03,crossing,50,574,0,4,981,1007,43,1,0,0.974181,synthetic; one scripted event; exact rear-object occlusion mask,264,346,0
kernel_7,crossing_04,crossing,50,574,0,4,993,1017,33,1,0,0.976401,synthetic; one scripted event; exact rear-object occlusion mask,265,335,0
kernel_7,crossing_05,crossing,50,574,0,4,986,1012,38,1,0,0.974308,synthetic; one scripted event; exact rear-object occlusion mask,264,340,0
kernel_7,crossing_06,crossing,50,574,0,4,985,1011,39,1,0,0.974283,synthetic; one scripted event; exact rear-object occlusion mask,264,346,0
kernel_7,crossing_07,crossing,50,574,0,4,987,1011,39,1,0,0.976261,synthetic; one scripted event; exact rear-object occlusion mask,265,335,0
kernel_7,crossing_08,crossing,50,574,0,4,990,1016,34,1,0,0.974409,synthetic; one scripted event; exact rear-object occlusion mask,264,340,0
kernel_7,crossing_09,crossing,50,574,0,4,981,1007,43,1,0,0.974181,synthetic; one scripted event; exact rear-object occlusion mask,264,346,0
kernel_7,crossing_10,crossing,50,574,0,4,993,1017,33,1,0,0.976401,synthetic; one scripted event; exact rear-object occlusion mask,265,335,0
kernel_7,stopping_01,stopping,50,574,0,1,515,525,0,1,0,0.980952,synthetic; one scripted event; exact rear-object occlusion mask,,,
kernel_7,stopping_02,stopping,50,574,0,2,512,525,0,1,0,0.975238,synthetic; one scripted event; exact rear-object occlusion mask,,,
kernel_7,stopping_03,stopping,50,574,0,2,512,525,0,1,0,0.975238,synthetic; one scripted event; exact rear-object occlusion mask,,,
kernel_7,stopping_04,stopping,50,574,0,1,515,525,0,1,0,0.980952,synthetic; one scripted event; exact rear-object occlusion mask,,,
kernel_7,stopping_05,stopping,50,574,0,2,512,525,0,1,0,0.975238,synthetic; one scripted event; exact rear-object occlusion mask,,,
kernel_7,lighting_01,lighting,50,574,0,1,515,525,0,1,0,0.980952,synthetic; one scripted event; exact rear-object occlusion mask,,,
kernel_7,lighting_02,lighting,50,574,0,1,513,525,0,1,0,0.977143,synthetic; one scripted event; exact rear-object occlusion mask,,,
kernel_7,lighting_03,lighting,50,574,0,1,513,525,0,1,0,0.977143,synthetic; one scripted event; exact rear-object occlusion mask,,,
kernel_7,lighting_04,lighting,50,574,0,1,515,525,0,1,0,0.980952,synthetic; one scripted event; exact rear-object occlusion mask,,,
kernel_7,lighting_05,lighting,50,574,0,1,513,525,0,1,0,0.977143,synthetic; one scripted event; exact rear-object occlusion mask,,,
distance_20,single_01,single,50,574,0,0,0,525,0,0,0,0.0,synthetic; one scripted event; exact rear-object occlusion mask,,,
distance_20,single_02,single,50,574,0,0,0,525,0,0,0,0.0,synthetic; one scripted event; exact rear-object occlusion mask,,,
distance_20,single_03,single,50,574,0,0,0,525,0,0,0,0.0,synthetic; one scripted event; exact rear-object occlusion mask,,,
distance_20,single_04,single,50,574,0,0,0,525,0,0,0,0.0,synthetic; one scripted event; exact rear-object occlusion mask,,,
distance_20,single_05,single,50,574,0,0,0,525,0,0,0,0.0,synthetic; one scripted event; exact rear-object occlusion mask,,,
distance_20,single_06,single,50,574,0,0,0,525,0,0,0,0.0,synthetic; one scripted event; exact rear-object occlusion mask,,,
distance_20,single_07,single,50,574,0,0,0,525,0,0,0,0.0,synthetic; one scripted event; exact rear-object occlusion mask,,,
distance_20,single_08,single,50,574,0,0,0,525,0,0,0,0.0,synthetic; one scripted event; exact rear-object occlusion mask,,,
distance_20,single_09,single,50,574,0,0,0,525,0,0,0,0.0,synthetic; one scripted event; exact rear-object occlusion mask,,,
distance_20,single_10,single,50,574,0,0,0,525,0,0,0,0.0,synthetic; one scripted event; exact rear-object occlusion mask,,,
distance_20,crossing_01,crossing,50,574,2,1,58,1011,39,1,1,0.057369,synthetic; one scripted event; exact rear-object occlusion mask,265,335,2
distance_20,crossing_02,crossing,50,574,3,0,52,1016,34,0,1,0.051181,synthetic; one scripted event; exact rear-object occlusion mask,264,340,2
distance_20,crossing_03,crossing,50,574,3,1,48,1007,43,1,1,0.047666,synthetic; one scripted event; exact rear-object occlusion mask,264,346,3
distance_20,crossing_04,crossing,50,574,2,1,65,1017,33,1,1,0.063913,synthetic; one scripted event; exact rear-object occlusion mask,265,335,2
distance_20,crossing_05,crossing,50,574,3,0,53,1012,38,0,1,0.052372,synthetic; one scripted event; exact rear-object occlusion mask,264,340,2
distance_20,crossing_06,crossing,50,574,4,1,53,1011,39,1,1,0.052423,synthetic; one scripted event; exact rear-object occlusion mask,264,346,4
distance_20,crossing_07,crossing,50,574,2,1,58,1011,39,1,1,0.057369,synthetic; one scripted event; exact rear-object occlusion mask,265,335,2
distance_20,crossing_08,crossing,50,574,3,0,52,1016,34,0,1,0.051181,synthetic; one scripted event; exact rear-object occlusion mask,264,340,2
distance_20,crossing_09,crossing,50,574,3,1,48,1007,43,1,1,0.047666,synthetic; one scripted event; exact rear-object occlusion mask,264,346,3
distance_20,crossing_10,crossing,50,574,2,1,65,1017,33,1,1,0.063913,synthetic; one scripted event; exact rear-object occlusion mask,265,335,2
distance_20,stopping_01,stopping,50,574,1,1,151,525,0,1,1,0.287619,synthetic; one scripted event; exact rear-object occlusion mask,,,
distance_20,stopping_02,stopping,50,574,1,1,151,525,0,1,1,0.287619,synthetic; one scripted event; exact rear-object occlusion mask,,,
distance_20,stopping_03,stopping,50,574,1,1,151,525,0,1,1,0.287619,synthetic; one scripted event; exact rear-object occlusion mask,,,
distance_20,stopping_04,stopping,50,574,1,1,151,525,0,1,1,0.287619,synthetic; one scripted event; exact rear-object occlusion mask,,,
distance_20,stopping_05,stopping,50,574,1,1,151,525,0,1,1,0.287619,synthetic; one scripted event; exact rear-object occlusion mask,,,
distance_20,lighting_01,lighting,50,574,0,2,34,525,0,1,0,0.064762,synthetic; one scripted event; exact rear-object occlusion mask,,,
distance_20,lighting_02,lighting,50,574,1,2,37,525,0,1,1,0.070476,synthetic; one scripted event; exact rear-object occlusion mask,,,
distance_20,lighting_03,lighting,50,574,1,2,37,525,0,1,1,0.070476,synthetic; one scripted event; exact rear-object occlusion mask,,,
distance_20,lighting_04,lighting,50,574,0,2,34,525,0,1,0,0.064762,synthetic; one scripted event; exact rear-object occlusion mask,,,
distance_20,lighting_05,lighting,50,574,1,2,52,525,0,1,1,0.099048,synthetic; one scripted event; exact rear-object occlusion mask,,,
distance_80,single_01,single,50,574,0,0,0,525,0,0,0,0.0,synthetic; one scripted event; exact rear-object occlusion mask,,,
distance_80,single_02,single,50,574,0,0,0,525,0,0,0,0.0,synthetic; one scripted event; exact rear-object occlusion mask,,,
distance_80,single_03,single,50,574,0,0,0,525,0,0,0,0.0,synthetic; one scripted event; exact rear-object occlusion mask,,,
distance_80,single_04,single,50,574,0,0,0,525,0,0,0,0.0,synthetic; one scripted event; exact rear-object occlusion mask,,,
distance_80,single_05,single,50,574,0,0,0,525,0,0,0,0.0,synthetic; one scripted event; exact rear-object occlusion mask,,,
distance_80,single_06,single,50,574,0,0,0,525,0,0,0,0.0,synthetic; one scripted event; exact rear-object occlusion mask,,,
distance_80,single_07,single,50,574,0,0,0,525,0,0,0,0.0,synthetic; one scripted event; exact rear-object occlusion mask,,,
distance_80,single_08,single,50,574,0,0,0,525,0,0,0,0.0,synthetic; one scripted event; exact rear-object occlusion mask,,,
distance_80,single_09,single,50,574,0,0,0,525,0,0,0,0.0,synthetic; one scripted event; exact rear-object occlusion mask,,,
distance_80,single_10,single,50,574,0,0,0,525,0,0,0,0.0,synthetic; one scripted event; exact rear-object occlusion mask,,,
distance_80,crossing_01,crossing,50,574,2,1,58,1011,39,1,1,0.057369,synthetic; one scripted event; exact rear-object occlusion mask,265,335,2
distance_80,crossing_02,crossing,50,574,3,0,52,1016,34,0,1,0.051181,synthetic; one scripted event; exact rear-object occlusion mask,264,340,2
distance_80,crossing_03,crossing,50,574,3,1,48,1007,43,1,1,0.047666,synthetic; one scripted event; exact rear-object occlusion mask,264,346,3
distance_80,crossing_04,crossing,50,574,2,1,65,1017,33,1,1,0.063913,synthetic; one scripted event; exact rear-object occlusion mask,265,335,2
distance_80,crossing_05,crossing,50,574,3,0,53,1012,38,0,1,0.052372,synthetic; one scripted event; exact rear-object occlusion mask,264,340,2
distance_80,crossing_06,crossing,50,574,4,1,53,1011,39,1,1,0.052423,synthetic; one scripted event; exact rear-object occlusion mask,264,346,4
distance_80,crossing_07,crossing,50,574,2,1,58,1011,39,1,1,0.057369,synthetic; one scripted event; exact rear-object occlusion mask,265,335,2
distance_80,crossing_08,crossing,50,574,3,0,52,1016,34,0,1,0.051181,synthetic; one scripted event; exact rear-object occlusion mask,264,340,2
distance_80,crossing_09,crossing,50,574,3,1,48,1007,43,1,1,0.047666,synthetic; one scripted event; exact rear-object occlusion mask,264,346,3
distance_80,crossing_10,crossing,50,574,2,1,65,1017,33,1,1,0.063913,synthetic; one scripted event; exact rear-object occlusion mask,265,335,2
distance_80,stopping_01,stopping,50,574,1,1,151,525,0,1,1,0.287619,synthetic; one scripted event; exact rear-object occlusion mask,,,
distance_80,stopping_02,stopping,50,574,1,1,151,525,0,1,1,0.287619,synthetic; one scripted event; exact rear-object occlusion mask,,,
distance_80,stopping_03,stopping,50,574,1,1,151,525,0,1,1,0.287619,synthetic; one scripted event; exact rear-object occlusion mask,,,
distance_80,stopping_04,stopping,50,574,1,1,151,525,0,1,1,0.287619,synthetic; one scripted event; exact rear-object occlusion mask,,,
distance_80,stopping_05,stopping,50,574,1,1,151,525,0,1,1,0.287619,synthetic; one scripted event; exact rear-object occlusion mask,,,
distance_80,lighting_01,lighting,50,574,0,2,34,525,0,1,0,0.064762,synthetic; one scripted event; exact rear-object occlusion mask,,,
distance_80,lighting_02,lighting,50,574,0,2,37,525,0,1,0,0.070476,synthetic; one scripted event; exact rear-object occlusion mask,,,
distance_80,lighting_03,lighting,50,574,2,2,37,525,0,1,1,0.070476,synthetic; one scripted event; exact rear-object occlusion mask,,,
distance_80,lighting_04,lighting,50,574,0,2,34,525,0,1,0,0.064762,synthetic; one scripted event; exact rear-object occlusion mask,,,
distance_80,lighting_05,lighting,50,574,1,2,52,525,0,1,1,0.099048,synthetic; one scripted event; exact rear-object occlusion mask,,,
velocity,single_01,single,50,574,0,0,0,525,0,0,0,0.0,synthetic; one scripted event; exact rear-object occlusion mask,,,
velocity,single_02,single,50,574,0,0,0,525,0,0,0,0.0,synthetic; one scripted event; exact rear-object occlusion mask,,,
velocity,single_03,single,50,574,0,0,0,525,0,0,0,0.0,synthetic; one scripted event; exact rear-object occlusion mask,,,
velocity,single_04,single,50,574,0,0,0,525,0,0,0,0.0,synthetic; one scripted event; exact rear-object occlusion mask,,,
velocity,single_05,single,50,574,0,0,0,525,0,0,0,0.0,synthetic; one scripted event; exact rear-object occlusion mask,,,
velocity,single_06,single,50,574,0,0,0,525,0,0,0,0.0,synthetic; one scripted event; exact rear-object occlusion mask,,,
velocity,single_07,single,50,574,0,0,0,525,0,0,0,0.0,synthetic; one scripted event; exact rear-object occlusion mask,,,
velocity,single_08,single,50,574,0,0,0,525,0,0,0,0.0,synthetic; one scripted event; exact rear-object occlusion mask,,,
velocity,single_09,single,50,574,0,0,0,525,0,0,0,0.0,synthetic; one scripted event; exact rear-object occlusion mask,,,
velocity,single_10,single,50,574,0,0,0,525,0,0,0,0.0,synthetic; one scripted event; exact rear-object occlusion mask,,,
velocity,crossing_01,crossing,50,574,4,1,58,1011,39,1,1,0.057369,synthetic; one scripted event; exact rear-object occlusion mask,265,335,2
velocity,crossing_02,crossing,50,574,4,0,52,1016,34,0,1,0.051181,synthetic; one scripted event; exact rear-object occlusion mask,264,340,2
velocity,crossing_03,crossing,50,574,7,1,48,1007,43,1,1,0.047666,synthetic; one scripted event; exact rear-object occlusion mask,264,346,2
velocity,crossing_04,crossing,50,574,1,1,65,1017,33,1,1,0.063913,synthetic; one scripted event; exact rear-object occlusion mask,265,335,1
velocity,crossing_05,crossing,50,574,5,0,53,1012,38,0,1,0.052372,synthetic; one scripted event; exact rear-object occlusion mask,264,340,3
velocity,crossing_06,crossing,50,574,4,1,53,1011,39,1,1,0.052423,synthetic; one scripted event; exact rear-object occlusion mask,264,346,2
velocity,crossing_07,crossing,50,574,4,1,58,1011,39,1,1,0.057369,synthetic; one scripted event; exact rear-object occlusion mask,265,335,2
velocity,crossing_08,crossing,50,574,4,0,52,1016,34,0,1,0.051181,synthetic; one scripted event; exact rear-object occlusion mask,264,340,2
velocity,crossing_09,crossing,50,574,7,1,48,1007,43,1,1,0.047666,synthetic; one scripted event; exact rear-object occlusion mask,264,346,2
velocity,crossing_10,crossing,50,574,1,1,65,1017,33,1,1,0.063913,synthetic; one scripted event; exact rear-object occlusion mask,265,335,1
velocity,stopping_01,stopping,50,574,1,1,151,525,0,1,1,0.287619,synthetic; one scripted event; exact rear-object occlusion mask,,,
velocity,stopping_02,stopping,50,574,1,1,151,525,0,1,1,0.287619,synthetic; one scripted event; exact rear-object occlusion mask,,,
velocity,stopping_03,stopping,50,574,1,1,151,525,0,1,1,0.287619,synthetic; one scripted event; exact rear-object occlusion mask,,,
velocity,stopping_04,stopping,50,574,1,1,151,525,0,1,1,0.287619,synthetic; one scripted event; exact rear-object occlusion mask,,,
velocity,stopping_05,stopping,50,574,1,1,151,525,0,1,1,0.287619,synthetic; one scripted event; exact rear-object occlusion mask,,,
velocity,lighting_01,lighting,50,574,0,2,34,525,0,1,0,0.064762,synthetic; one scripted event; exact rear-object occlusion mask,,,
velocity,lighting_02,lighting,50,574,3,2,37,525,0,1,1,0.070476,synthetic; one scripted event; exact rear-object occlusion mask,,,
velocity,lighting_03,lighting,50,574,1,2,37,525,0,1,1,0.070476,synthetic; one scripted event; exact rear-object occlusion mask,,,
velocity,lighting_04,lighting,50,574,0,2,34,525,0,1,0,0.064762,synthetic; one scripted event; exact rear-object occlusion mask,,,
velocity,lighting_05,lighting,50,574,1,2,52,525,0,1,1,0.099048,synthetic; one scripted event; exact rear-object occlusion mask,,,
