frame,raw_components,binary_components,opened_components,final_components,foreground_pixels,shadow_pixels,open_lost_pixels,component_boxes,boxes,tracks
25,313,226,15,15,1005,781,757,0,0,0
26,295,204,15,15,897,718,655,0,0,0
27,217,161,15,15,791,594,528,0,0,0
28,211,150,13,13,687,622,446,0,0,0
29,175,123,14,14,614,568,367,0,0,0
30,262,193,15,15,798,569,554,0,0,0
31,206,148,10,10,655,490,458,0,0,0
32,174,113,12,11,588,633,364,1,1,1
33,172,109,13,11,686,1066,396,1,1,1
34,222,127,18,16,910,1346,461,0,0,0
35,289,178,21,20,1390,1834,603,3,3,3
36,281,170,21,20,1324,1800,581,2,2,2
37,183,145,18,16,1387,2658,440,4,4,4
38,245,162,22,22,1584,2933,525,3,3,3
39,181,117,24,24,1524,3064,457,3,3,3
40,208,136,27,26,1777,3216,562,3,3,3
41,204,133,27,27,1679,3185,555,3,3,3
42,135,95,22,21,1709,3142,462,3,3,3
43,178,104,20,20,1678,2838,459,3,3,3
44,198,119,18,18,1768,2630,462,2,2,2
45,234,116,17,14,1690,2480,439,2,2,2
46,244,110,13,11,1591,2305,450,2,2,2
47,190,104,14,11,1589,1834,393,1,1,1
48,225,124,23,20,1673,1382,470,1,1,1
49,172,100,20,19,1473,1147,410,1,1,1
50,199,105,13,12,1338,1150,433,1,1,1
51,159,104,15,15,1295,1216,402,1,1,1
52,159,113,15,15,1369,1208,402,1,1,1
53,162,116,15,14,1351,1257,417,1,1,1
54,126,96,16,14,1390,1211,397,1,1,1
55,162,111,20,18,1404,1250,397,1,1,1
56,146,101,20,16,1258,1197,407,1,1,1
57,123,85,12,12,1371,1211,359,1,1,1
58,124,80,15,12,1290,1073,337,2,2,2
59,172,82,12,8,1286,1000,361,2,2,2
60,129,79,12,11,1203,900,334,2,2,2
61,111,69,16,13,1100,835,322,2,2,2
62,140,86,17,17,1032,769,329,1,1,1
63,119,80,11,11,854,710,333,1,1,1
64,112,74,9,9,806,639,314,1,1,1
65,125,84,10,9,796,592,330,1,1,1
66,123,80,15,12,807,587,305,2,2,2
67,107,71,12,12,731,642,249,1,1,1
68,140,88,10,10,717,773,261,0,0,0
69,110,67,13,12,651,819,246,0,0,0
70,158,89,11,11,671,892,282,0,0,0
71,150,83,11,11,625,847,300,0,0,0
72,98,72,15,14,684,875,260,0,0,0
73,106,69,16,16,730,990,289,1,1,1
74,93,62,20,19,807,881,271,1,1,1
75,108,61,12,11,883,736,251,2,2,2
76,88,43,10,9,955,691,250,1,1,1
77,104,55,8,8,1115,832,231,2,2,2
78,85,56,11,11,1202,854,233,2,2,2
79,86,50,9,9,1340,814,274,2,2,2
80,94,52,10,10,1425,841,279,3,3,3
81,96,55,11,9,1358,809,302,3,3,3
82,74,44,9,8,1383,970,273,3,3,3
83,75,48,6,5,1283,1038,292,3,3,3
84,76,47,12,11,1229,971,330,2,2,2
85,118,74,9,9,1181,1123,327,1,1,1
86,111,69,11,11,1079,1096,311,2,2,2
87,85,69,11,10,842,1192,288,2,2,2
88,116,73,10,9,801,1054,288,2,2,2
89,107,71,9,9,768,1114,252,3,3,3
90,99,67,8,7,770,1295,236,2,2,2
91,95,65,9,9,724,1225,249,1,1,1
92,97,65,10,10,993,1618,268,1,1,1
93,100,65,6,6,1111,1828,242,1,1,1
94,101,70,6,5,1216,1952,276,1,1,1
95,106,69,8,7,1382,2135,278,1,1,1
96,104,68,7,7,1345,2111,272,1,1,1
97,79,49,8,7,1752,2491,254,1,1,1
98,92,44,10,10,1859,2513,234,1,1,1
99,86,45,9,9,1758,2377,226,2,2,2
100,110,67,11,11,1792,2313,243,2,2,2
101,110,63,11,11,1744,2230,239,2,2,2
102,115,59,17,15,1893,2748,269,2,2,2
103,109,59,14,14,1856,2709,269,2,2,2
104,142,88,14,14,1935,2847,317,2,2,2
105,105,59,13,13,1891,2827,260,2,2,2
106,113,63,16,16,1857,2680,257,2,2,2
107,130,58,12,12,1859,2960,226,2,2,2
108,138,53,10,10,1886,2913,231,2,2,2
109,129,50,10,10,1891,2877,225,2,2,2
110,146,64,8,8,1927,3200,201,2,2,2
111,158,65,9,8,1877,3106,203,2,2,2
112,124,50,11,11,1960,4392,191,2,2,2
113,123,54,12,10,2029,4404,289,2,2,2
114,87,53,12,11,2080,4289,272,2,2,2
115,94,52,11,11,2122,4220,267,2,2,2
116,121,63,11,11,2128,4202,288,1,1,1
117,90,65,16,15,2133,4043,260,2,2,2
118,84,57,16,16,2286,3972,263,1,1,1
119,89,47,19,17,2409,3868,244,2,2,2
120,106,52,17,16,2292,3788,248,3,3,3
121,103,50,15,15,2247,3559,277,2,2,2
122,115,59,13,13,2207,3302,294,3,3,3
123,94,52,13,13,2023,2975,253,4,4,4
124,104,59,14,12,2025,3026,293,3,3,3
125,99,58,13,12,2122,3633,304,4,4,4
126,108,63,13,12,2077,3394,414,4,4,4
127,119,59,11,11,1808,2859,377,4,4,4
128,114,62,17,15,1612,2413,378,3,3,3
129,100,69,14,12,1335,2060,382,3,3,3
130,92,67,11,11,1062,1873,314,2,2,2
131,116,69,10,10,931,1630,320,2,2,2
132,115,78,8,7,705,1614,286,0,0,0
133,105,67,10,10,579,1404,278,0,0,0
134,128,83,13,12,691,1658,332,0,0,0
135,89,68,21,20,888,1952,369,1,1,1
136,84,66,17,16,846,1860,376,1,1,1
137,100,86,21,19,1669,2241,518,1,1,1
138,104,86,22,20,2077,2042,483,2,2,2
139,102,74,19,18,2477,1858,413,3,3,3
140,108,68,18,16,2437,1811,380,3,3,3
141,121,68,18,16,2358,1634,363,3,3,3
142,96,75,16,15,2566,2300,363,5,5,5
143,108,59,15,14,2785,3057,322,5,5,5
144,107,65,15,14,2879,3250,349,5,5,5
145,154,71,15,14,2929,3243,367,5,5,5
146,167,73,15,14,2811,3030,362,5,5,5
147,153,60,16,16,2882,3156,347,4,4,4
148,141,65,13,13,2736,3175,374,4,4,4
149,166,77,17,17,2774,3198,372,4,4,4
