people,predictions,complete,misses,duplicates,fragmented,merges,unmatched,coverage_sum,switches,video,split,evaluated_frames,decoded_frames,fps,fps_min,fps_max
1714,393,147,1311,1,1,21,3,247.7999985431264,3,01,heldout,598,624,290.387521076477,290.0900552445003,333.117160939577
1551,350,195,1194,1,1,38,0,241.10568197610436,4,02,development,586,612,344.153733662305,332.0274224617872,355.1025898907476
1693,891,48,1143,166,163,0,177,163.21398088655712,1,03,heldout,700,725,346.09562163214224,329.3391551510732,349.1692415878144
937,482,9,690,95,80,0,149,54.228787260054425,0,04,heldout,200,225,326.3847381342449,298.9887427362224,344.3656580719228
400,95,36,311,6,6,0,0,49.46327844948267,1,05,heldout,200,225,324.78639177745055,322.6628809425779,345.41164527151864
400,173,33,224,0,0,1,1,91.32195354814985,1,06,heldout,200,225,338.9083240493361,277.978159877301,351.48129024791945
400,156,47,275,0,0,0,51,69.1938382442654,1,07,heldout,200,225,358.6015760713803,330.14233694781,367.4048681769152
926,242,40,689,2,2,0,4,106.59949237106643,1,08,heldout,200,225,333.50786219530454,317.82816673765626,334.0798434070366
706,145,29,533,1,1,8,0,90.13950019706353,3,09,heldout,181,207,350.02814142035055,324.36412010256703,360.8731297111395
437,234,47,246,34,32,0,21,87.75716464654704,1,10,development,125,150,385.08474862955,377.65993540305914,389.78204759861717
186,242,37,24,64,59,13,32,81.78862881507996,2,11,heldout,125,150,370.54341689084583,358.3946751336964,377.1349496303238
120,137,13,77,20,17,0,74,22.411432370886526,3,14,heldout,120,2715,1799.483972816768,1782.8985970335407,1815.347210503152
139,125,104,21,7,7,0,0,104.2111179890828,2,15,heldout,225,250,453.762981542748,442.667868374839,456.2495174608823
144,321,85,9,67,52,0,119,102.90843293224027,5,16,heldout,225,250,395.2205935648852,382.88390290843796,400.51898545226317
327,810,64,31,146,128,0,368,147.71334290201665,7,17,heldout,500,525,365.9568318453485,350.54100746470124,380.6122361672971
102,256,64,25,12,12,0,167,64.15230741374272,2,18,development,275,300,388.1375512663826,387.02366317667156,394.2894144141662
256,308,88,92,53,51,0,91,109.68718837651429,2,19,heldout,325,350,432.15638681926265,429.60752443311327,433.0703737881333
